,COUNTRY_FULL_NAME,SHORT_NAME,NAME,LONG_COMP_NAME,,,,,,,,,,,,,,,
RSSCARER Index,,,,,,,,,,,,,,,,,,,
RSSCARFR Index,,,,,,,,,,,,,,,,,,,
RSSCAROR Index,,,,,,,,,,,,,,,,,,,
RSSCARPR Index,,,,,,,,,,,,,,,,,,,
RSSCASER Index,,,,,,,,,,,,,,,,,,,
RSSCASFR Index,,,,,,,,,,,,,,,,,,,
RSSCASOR Index,,,,,,,,,,,,,,,,,,,
RSSCASPR Index,,,,,,,,,,,,,,,,,,,
RSSCAUER Index,,,,,,,,,,,,,,,,,,,
RSSCAUFR Index,,,,,,,,,,,,,,,,,,,
RSSCAUOR Index,,,,,,,,,,,,,,,,,,,
RSSCAUPR Index,,,,,,,,,,,,,,,,,,,
RSSCBEER Index,,,,,,,,,,,,,,,,,,,
RSSCBEFR Index,,,,,,,,,,,,,,,,,,,
RSSCBEOR Index,,,,,,,,,,,,,,,,,,,
RSSCBEPR Index,,,,,,,,,,,,,,,,,,,
RSSCBHER Index,,,,,,,,,,,,,,,,,,,
RSSCBHFR Index,,,,,,,,,,,,,,,,,,,
RSSCBHOR Index,,,,,,,,,,,,,,,,,,,
RSSCBHPR Index,,,,,,,,,,,,,,,,,,,
RSSCBOER Index,,,,,,,,,,,,,,,,,,,
RSSCBOFR Index,,,,,,,,,,,,,,,,,,,
RSSCBOOR Index,,,,,,,,,,,,,,,,,,,
RSSCBOPR Index,,,,,,,,,,,,,,,,,,,
RSSCBRER Index,,,,,,,,,,,,,,,,,,,
RSSCBRFR Index,,,,,,,,,,,,,,,,,,,
RSSCBROR Index,,,,,,,,,,,,,,,,,,,
RSSCBRPR Index,,,,,,,,,,,,,,,,,,,
RSSCBUER Index,,,,,,,,,,,,,,,,,,,
RSSCBUFR Index,,,,,,,,,,,,,,,,,,,
RSSCBUOR Index,,,,,,,,,,,,,,,,,,,
RSSCBUPR Index,,,,,,,,,,,,,,,,,,,
RSSCCAER Index,,,,,,,,,,,,,,,,,,,
RSSCCAFR Index,,,,,,,,,,,,,,,,,,,
RSSCCAOR Index,,,,,,,,,,,,,,,,,,,
RSSCCAPR Index,,,,,,,,,,,,,,,,,,,
RSSCCHER Index,,,,,,,,,,,,,,,,,,,
RSSCCHFR Index,,,,,,,,,,,,,,,,,,,
RSSCCHOR Index,,,,,,,,,,,,,,,,,,,
RSSCCHPR Index,,,,,,,,,,,,,,,,,,,
RSSCCNER Index,,,,,,,,,,,,,,,,,,,
RSSCCNFR Index,,,,,,,,,,,,,,,,,,,
RSSCCNOR Index,,,,,,,,,,,,,,,,,,,
RSSCCNPR Index,,,,,,,,,,,,,,,,,,,
RSSCCOER Index,,,,,,,,,,,,,,,,,,,
RSSCCOFR Index,,,,,,,,,,,,,,,,,,,
RSSCCOOR Index,,,,,,,,,,,,,,,,,,,
RSSCCOPR Index,,,,,,,,,,,,,,,,,,,
RSSCCRER Index,,,,,,,,,,,,,,,,,,,
RSSCCRFR Index,,,,,,,,,,,,,,,,,,,
RSSCCROR Index,,,,,,,,,,,,,,,,,,,
RSSCCRPR Index,,,,,,,,,,,,,,,,,,,
RSSCCTER Index,,,,,,,,,,,,,,,,,,,
RSSCCTFR Index,,,,,,,,,,,,,,,,,,,
RSSCCTOR Index,,,,,,,,,,,,,,,,,,,
RSSCCTPR Index,,,,,,,,,,,,,,,,,,,
RSSCCYER Index,,,,,,,,,,,,,,,,,,,
RSSCCYFR Index,,,,,,,,,,,,,,,,,,,
RSSCCYOR Index,,,,,,,,,,,,,,,,,,,
RSSCCYPR Index,,,,,,,,,,,,,,,,,,,
RSSCCZER Index,,,,,,,,,,,,,,,,,,,
RSSCCZFR Index,,,,,,,,,,,,,,,,,,,
RSSCCZOR Index,,,,,,,,,,,,,,,,,,,
RSSCCZPR Index,,,,,,,,,,,,,,,,,,,
RSSCDNER Index,,,,,,,,,,,,,,,,,,,
RSSCDNFR Index,,,,,,,,,,,,,,,,,,,
RSSCDNOR Index,,,,,,,,,,,,,,,,,,,
RSSCDNPR Index,,,,,,,,,,,,,,,,,,,
RSSCDRER Index,,,,,,,,,,,,,,,,,,,
RSSCDRFR Index,,,,,,,,,,,,,,,,,,,
RSSCDROR Index,,,,,,,,,,,,,,,,,,,
RSSCDRPR Index,,,,,,,,,,,,,,,,,,,
RSSCECER Index,,,,,,,,,,,,,,,,,,,
RSSCECFR Index,,,,,,,,,,,,,,,,,,,
RSSCECOR Index,,,,,,,,,,,,,,,,,,,
RSSCECPR Index,,,,,,,,,,,,,,,,,,,
RSSCEEER Index,,,,,,,,,,,,,,,,,,,
RSSCEEFR Index,,,,,,,,,,,,,,,,,,,
RSSCEEOR Index,,,,,,,,,,,,,,,,,,,
RSSCEEPR Index,,,,,,,,,,,,,,,,,,,
RSSCEGER Index,,,,,,,,,,,,,,,,,,,
RSSCEGFR Index,,,,,,,,,,,,,,,,,,,
RSSCEGOR Index,,,,,,,,,,,,,,,,,,,
RSSCEGPR Index,,,,,,,,,,,,,,,,,,,
RSSCESER Index,,,,,,,,,,,,,,,,,,,
RSSCESFR Index,,,,,,,,,,,,,,,,,,,
RSSCESOR Index,,,,,,,,,,,,,,,,,,,
RSSCESPR Index,,,,,,,,,,,,,,,,,,,
RSSCFNER Index,,,,,,,,,,,,,,,,,,,
RSSCFNFR Index,,,,,,,,,,,,,,,,,,,
RSSCFNOR Index,,,,,,,,,,,,,,,,,,,
RSSCFNPR Index,,,,,,,,,,,,,,,,,,,
RSSCFRER Index,,,,,,,,,,,,,,,,,,,
RSSCFRFR Index,,,,,,,,,,,,,,,,,,,
RSSCFROR Index,,,,,,,,,,,,,,,,,,,
RSSCFRPR Index,,,,,,,,,,,,,,,,,,,
RSSCGCER Index,,,,,,,,,,,,,,,,,,,
RSSCGCFR Index,,,,,,,,,,,,,,,,,,,
RSSCGCOR Index,,,,,,,,,,,,,,,,,,,
RSSCGCPR Index,,,,,,,,,,,,,,,,,,,
RSSCGEER Index,,,,,,,,,,,,,,,,,,,
RSSCGEFR Index,,,,,,,,,,,,,,,,,,,
RSSCGEOR Index,,,,,,,,,,,,,,,,,,,
RSSCGEPR Index,,,,,,,,,,,,,,,,,,,
RSSCGHER Index,,,,,,,,,,,,,,,,,,,
RSSCGHFR Index,,,,,,,,,,,,,,,,,,,
RSSCGHOR Index,,,,,,,,,,,,,,,,,,,
RSSCGHPR Index,,,,,,,,,,,,,,,,,,,
RSSCGRER Index,,,,,,,,,,,,,,,,,,,
RSSCGRFR Index,,,,,,,,,,,,,,,,,,,
RSSCGROR Index,,,,,,,,,,,,,,,,,,,
RSSCGRPR Index,,,,,,,,,,,,,,,,,,,
RSSCGUER Index,,,,,,,,,,,,,,,,,,,
RSSCGUFR Index,,,,,,,,,,,,,,,,,,,
RSSCGUOR Index,,,,,,,,,,,,,,,,,,,
RSSCGUPR Index,,,,,,,,,,,,,,,,,,,
RSSCHKER Index,,,,,,,,,,,,,,,,,,,
RSSCHKFR Index,,,,,,,,,,,,,,,,,,,
RSSCHKOR Index,,,,,,,,,,,,,,,,,,,
RSSCHKPR Index,,,,,,,,,,,,,,,,,,,
RSSCHNER Index,,,,,,,,,,,,,,,,,,,
RSSCHNFR Index,,,,,,,,,,,,,,,,,,,
RSSCHNOR Index,,,,,,,,,,,,,,,,,,,
RSSCHNPR Index,,,,,,,,,,,,,,,,,,,
RSSCHOER Index,,,,,,,,,,,,,,,,,,,
RSSCHOFR Index,,,,,,,,,,,,,,,,,,,
RSSCHOOR Index,,,,,,,,,,,,,,,,,,,
RSSCHOPR Index,,,,,,,,,,,,,,,,,,,
RSSCIDER Index,,,,,,,,,,,,,,,,,,,
RSSCIDFR Index,,,,,,,,,,,,,,,,,,,
RSSCIDOR Index,,,,,,,,,,,,,,,,,,,
RSSCIDPR Index,,,,,,,,,,,,,,,,,,,
RSSCINER Index,,,,,,,,,,,,,,,,,,,
RSSCINFR Index,,,,,,,,,,,,,,,,,,,
RSSCINOR Index,,,,,,,,,,,,,,,,,,,
RSSCINPR Index,,,,,,,,,,,,,,,,,,,
RSSCIRER Index,,,,,,,,,,,,,,,,,,,
RSSCIRFR Index,,,,,,,,,,,,,,,,,,,
RSSCIROR Index,,,,,,,,,,,,,,,,,,,
RSSCIRPR Index,,,,,,,,,,,,,,,,,,,
RSSCISER Index,,,,,,,,,,,,,,,,,,,
RSSCISFR Index,,,,,,,,,,,,,,,,,,,
RSSCISOR Index,,,,,,,,,,,,,,,,,,,
RSSCISPR Index,,,,,,,,,,,,,,,,,,,
RSSCITER Index,,,,,,,,,,,,,,,,,,,
RSSCITFR Index,,,,,,,,,,,,,,,,,,,
RSSCITOR Index,,,,,,,,,,,,,,,,,,,
RSSCITPR Index,,,,,,,,,,,,,,,,,,,
RSSCJMER Index,,,,,,,,,,,,,,,,,,,
RSSCJMFR Index,,,,,,,,,,,,,,,,,,,
RSSCJMOR Index,,,,,,,,,,,,,,,,,,,
RSSCJMPR Index,,,,,,,,,,,,,,,,,,,
RSSCJPER Index,,,,,,,,,,,,,,,,,,,
RSSCJPFR Index,,,,,,,,,,,,,,,,,,,
RSSCJPOR Index,,,,,,,,,,,,,,,,,,,
RSSCJPPR Index,,,,,,,,,,,,,,,,,,,
RSSCJRER Index,,,,,,,,,,,,,,,,,,,
RSSCJRFR Index,,,,,,,,,,,,,,,,,,,
RSSCJROR Index,,,,,,,,,,,,,,,,,,,
RSSCJRPR Index,,,,,,,,,,,,,,,,,,,
RSSCKEER Index,,,,,,,,,,,,,,,,,,,
RSSCKEFR Index,,,,,,,,,,,,,,,,,,,
RSSCKEOR Index,,,,,,,,,,,,,,,,,,,
RSSCKEPR Index,,,,,,,,,,,,,,,,,,,
RSSCKZER Index,,,,,,,,,,,,,,,,,,,
RSSCKZFR Index,,,,,,,,,,,,,,,,,,,
RSSCKZOR Index,,,,,,,,,,,,,,,,,,,
RSSCKZPR Index,,,,,,,,,,,,,,,,,,,
RSSCLIER Index,,,,,,,,,,,,,,,,,,,
RSSCLIFR Index,,,,,,,,,,,,,,,,,,,
RSSCLIOR Index,,,,,,,,,,,,,,,,,,,
RSSCLIPR Index,,,,,,,,,,,,,,,,,,,
RSSCLTER Index,,,,,,,,,,,,,,,,,,,
RSSCLTFR Index,,,,,,,,,,,,,,,,,,,
RSSCLTOR Index,,,,,,,,,,,,,,,,,,,
RSSCLTPR Index,,,,,,,,,,,,,,,,,,,
RSSCLXER Index,,,,,,,,,,,,,,,,,,,
RSSCLXFR Index,,,,,,,,,,,,,,,,,,,
RSSCLXOR Index,,,,,,,,,,,,,,,,,,,
RSSCLXPR Index,,,,,,,,,,,,,,,,,,,
RSSCMLER Index,,,,,,,,,,,,,,,,,,,
RSSCMLFR Index,,,,,,,,,,,,,,,,,,,
RSSCMLOR Index,,,,,,,,,,,,,,,,,,,
RSSCMLPR Index,,,,,,,,,,,,,,,,,,,
RSSCMNER Index,,,,,,,,,,,,,,,,,,,
RSSCMNFR Index,,,,,,,,,,,,,,,,,,,
RSSCMNOR Index,,,,,,,,,,,,,,,,,,,
RSSCMNPR Index,,,,,,,,,,,,,,,,,,,
RSSCMRER Index,,,,,,,,,,,,,,,,,,,
RSSCMRFR Index,,,,,,,,,,,,,,,,,,,
RSSCMROR Index,,,,,,,,,,,,,,,,,,,
RSSCMRPR Index,,,,,,,,,,,,,,,,,,,
RSSCMXER Index,,,,,,,,,,,,,,,,,,,
RSSCMXFR Index,,,,,,,,,,,,,,,,,,,
RSSCMXOR Index,,,,,,,,,,,,,,,,,,,
RSSCMXPR Index,,,,,,,,,,,,,,,,,,,
RSSCNEER Index,,,,,,,,,,,,,,,,,,,
RSSCNEFR Index,,,,,,,,,,,,,,,,,,,
RSSCNEOR Index,,,,,,,,,,,,,,,,,,,
RSSCNEPR Index,,,,,,,,,,,,,,,,,,,
RSSCNGER Index,,,,,,,,,,,,,,,,,,,
RSSCNGFR Index,,,,,,,,,,,,,,,,,,,
RSSCNGOR Index,,,,,,,,,,,,,,,,,,,
RSSCNGPR Index,,,,,,,,,,,,,,,,,,,
RSSCNRER Index,,,,,,,,,,,,,,,,,,,
RSSCNRFR Index,,,,,,,,,,,,,,,,,,,
RSSCNROR Index,,,,,,,,,,,,,,,,,,,
RSSCNRPR Index,,,,,,,,,,,,,,,,,,,
RSSCNZER Index,,,,,,,,,,,,,,,,,,,
RSSCNZFR Index,,,,,,,,,,,,,,,,,,,
RSSCNZOR Index,,,,,,,,,,,,,,,,,,,
RSSCNZPR Index,,,,,,,,,,,,,,,,,,,
RSSCPAER Index,,,,,,,,,,,,,,,,,,,
RSSCPAFR Index,,,,,,,,,,,,,,,,,,,
RSSCPAOR Index,,,,,,,,,,,,,,,,,,,
RSSCPAPR Index,,,,,,,,,,,,,,,,,,,
RSSCPEER Index,,,,,,,,,,,,,,,,,,,
RSSCPEFR Index,,,,,,,,,,,,,,,,,,,
RSSCPEOR Index,,,,,,,,,,,,,,,,,,,
RSSCPEPR Index,,,,,,,,,,,,,,,,,,,
RSSCPHER Index,,,,,,,,,,,,,,,,,,,
RSSCPHFR Index,,,,,,,,,,,,,,,,,,,
RSSCPHOR Index,,,,,,,,,,,,,,,,,,,
RSSCPHPR Index,,,,,,,,,,,,,,,,,,,
RSSCPKER Index,,,,,,,,,,,,,,,,,,,
RSSCPKFR Index,,,,,,,,,,,,,,,,,,,
RSSCPKOR Index,,,,,,,,,,,,,,,,,,,
RSSCPKPR Index,,,,,,,,,,,,,,,,,,,
RSSCPNER Index,,,,,,,,,,,,,,,,,,,
RSSCPNFR Index,,,,,,,,,,,,,,,,,,,
RSSCPNOR Index,,,,,,,,,,,,,,,,,,,
RSSCPNPR Index,,,,,,,,,,,,,,,,,,,
RSSCPOER Index,,,,,,,,,,,,,,,,,,,
RSSCPOFR Index,,,,,,,,,,,,,,,,,,,
RSSCPOOR Index,,,,,,,,,,,,,,,,,,,
RSSCPOPR Index,,,,,,,,,,,,,,,,,,,
RSSCPRER Index,,,,,,,,,,,,,,,,,,,
RSSCPRFR Index,,,,,,,,,,,,,,,,,,,
RSSCPROR Index,,,,,,,,,,,,,,,,,,,
RSSCPRPR Index,,,,,,,,,,,,,,,,,,,
RSSCQTER Index,,,,,,,,,,,,,,,,,,,
RSSCQTFR Index,,,,,,,,,,,,,,,,,,,
RSSCQTOR Index,,,,,,,,,,,,,,,,,,,
RSSCQTPR Index,,,,,,,,,,,,,,,,,,,
RSSCROER Index,,,,,,,,,,,,,,,,,,,
RSSCROFR Index,,,,,,,,,,,,,,,,,,,
RSSCROOR Index,,,,,,,,,,,,,,,,,,,
RSSCROPR Index,,,,,,,,,,,,,,,,,,,
RSSCRUER Index,,,,,,,,,,,,,,,,,,,
RSSCRUFR Index,,,,,,,,,,,,,,,,,,,
RSSCRUOR Index,,,,,,,,,,,,,,,,,,,
RSSCRUPR Index,,,,,,,,,,,,,,,,,,,
RSSCSAER Index,,,,,,,,,,,,,,,,,,,
RSSCSAFR Index,,,,,,,,,,,,,,,,,,,
RSSCSAOR Index,,,,,,,,,,,,,,,,,,,
RSSCSAPR Index,,,,,,,,,,,,,,,,,,,
RSSCSDER Index,,,,,,,,,,,,,,,,,,,
RSSCSDFR Index,,,,,,,,,,,,,,,,,,,
RSSCSDOR Index,,,,,,,,,,,,,,,,,,,
RSSCSDPR Index,,,,,,,,,,,,,,,,,,,
RSSCSIER Index,,,,,,,,,,,,,,,,,,,
RSSCSIFR Index,,,,,,,,,,,,,,,,,,,
RSSCSIOR Index,,,,,,,,,,,,,,,,,,,
RSSCSIPR Index,,,,,,,,,,,,,,,,,,,
RSSCSKER Index,,,,,,,,,,,,,,,,,,,
RSSCSKFR Index,,,,,,,,,,,,,,,,,,,
RSSCSKOR Index,,,,,,,,,,,,,,,,,,,
RSSCSKPR Index,,,,,,,,,,,,,,,,,,,
RSSCSLER Index,,,,,,,,,,,,,,,,,,,
RSSCSLFR Index,,,,,,,,,,,,,,,,,,,
RSSCSLOR Index,,,,,,,,,,,,,,,,,,,
RSSCSLPR Index,,,,,,,,,,,,,,,,,,,
RSSCSNER Index,,,,,,,,,,,,,,,,,,,
RSSCSNFR Index,,,,,,,,,,,,,,,,,,,
RSSCSNOR Index,,,,,,,,,,,,,,,,,,,
RSSCSNPR Index,,,,,,,,,,,,,,,,,,,
RSSCSPER Index,,,,,,,,,,,,,,,,,,,
RSSCSPFR Index,,,,,,,,,,,,,,,,,,,
RSSCSPOR Index,,,,,,,,,,,,,,,,,,,
RSSCSPPR Index,,,,,,,,,,,,,,,,,,,
RSSCSTER Index,,,,,,,,,,,,,,,,,,,
RSSCSTFR Index,,,,,,,,,,,,,,,,,,,
RSSCSTOR Index,,,,,,,,,,,,,,,,,,,
RSSCSTPR Index,,,,,,,,,,,,,,,,,,,
RSSCSVER Index,,,,,,,,,,,,,,,,,,,
RSSCSVFR Index,,,,,,,,,,,,,,,,,,,
RSSCSVOR Index,,,,,,,,,,,,,,,,,,,
RSSCSVPR Index,,,,,,,,,,,,,,,,,,,
RSSCSWER Index,,,,,,,,,,,,,,,,,,,
RSSCSWFR Index,,,,,,,,,,,,,,,,,,,
RSSCSWOR Index,,,,,,,,,,,,,,,,,,,
RSSCSWPR Index,,,,,,,,,,,,,,,,,,,
RSSCTHER Index,,,,,,,,,,,,,,,,,,,
RSSCTHFR Index,,,,,,,,,,,,,,,,,,,
RSSCTHOR Index,,,,,,,,,,,,,,,,,,,
RSSCTHPR Index,,,,,,,,,,,,,,,,,,,
RSSCTRER Index,,,,,,,,,,,,,,,,,,,
RSSCTRFR Index,,,,,,,,,,,,,,,,,,,
RSSCTROR Index,,,,,,,,,,,,,,,,,,,
RSSCTRPR Index,,,,,,,,,,,,,,,,,,,
RSSCTUER Index,,,,,,,,,,,,,,,,,,,
RSSCTUFR Index,,,,,,,,,,,,,,,,,,,
RSSCTUOR Index,,,,,,,,,,,,,,,,,,,
RSSCTUPR Index,,,,,,,,,,,,,,,,,,,
RSSCTWER Index,,,,,,,,,,,,,,,,,,,
RSSCTWFR Index,,,,,,,,,,,,,,,,,,,
RSSCTWOR Index,,,,,,,,,,,,,,,,,,,
RSSCTWPR Index,,,,,,,,,,,,,,,,,,,
RSSCTZER Index,,,,,,,,,,,,,,,,,,,
RSSCTZFR Index,,,,,,,,,,,,,,,,,,,
RSSCTZOR Index,,,,,,,,,,,,,,,,,,,
RSSCTZPR Index,,,,,,,,,,,,,,,,,,,
RSSCUAER Index,,,,,,,,,,,,,,,,,,,
RSSCUAFR Index,,,,,,,,,,,,,,,,,,,
RSSCUAOR Index,,,,,,,,,,,,,,,,,,,
RSSCUAPR Index,,,,,,,,,,,,,,,,,,,
RSSCUGER Index,,,,,,,,,,,,,,,,,,,
RSSCUGFR Index,,,,,,,,,,,,,,,,,,,
RSSCUGOR Index,,,,,,,,,,,,,,,,,,,
RSSCUGPR Index,,,,,,,,,,,,,,,,,,,
RSSCUKER Index,,,,,,,,,,,,,,,,,,,
RSSCUKFR Index,,,,,,,,,,,,,,,,,,,
RSSCUKOR Index,,,,,,,,,,,,,,,,,,,
RSSCUKPR Index,,,,,,,,,,,,,,,,,,,
RSSCURER Index,,,,,,,,,,,,,,,,,,,
RSSCURFR Index,,,,,,,,,,,,,,,,,,,
RSSCUROR Index,,,,,,,,,,,,,,,,,,,
RSSCURPR Index,,,,,,,,,,,,,,,,,,,
RSSCUSER Index,,,,,,,,,,,,,,,,,,,
RSSCUSFR Index,,,,,,,,,,,,,,,,,,,
RSSCUSOR Index,,,,,,,,,,,,,,,,,,,
RSSCUSPR Index,,,,,,,,,,,,,,,,,,,
RSSCVNER Index,,,,,,,,,,,,,,,,,,,
RSSCVNFR Index,,,,,,,,,,,,,,,,,,,
RSSCVNOR Index,,,,,,,,,,,,,,,,,,,
RSSCVNPR Index,,,,,,,,,,,,,,,,,,,
RSSCVTER Index,,,,,,,,,,,,,,,,,,,
RSSCVTFR Index,,,,,,,,,,,,,,,,,,,
RSSCVTOR Index,,,,,,,,,,,,,,,,,,,
RSSCVTPR Index,,,,,,,,,,,,,,,,,,,
USGG1M   Index,,,,,,,,,,,,,,,,,,,
USGG3M   Index,,,,,,,,,,,,,,,,,,,
USGG6M   Index,,,,,,,,,,,,,,,,,,,
USGG12M  Index,,,,,,,,,,,,,,,,,,,
USGG2YR  Index,,,,,,,,,,,,,,,,,,,
USGG3YR  Index,,,,,,,,,,,,,,,,,,,
USGG5YR  Index,,,,,,,,,,,,,,,,,,,
USGG7YR  Index,,,,,,,,,,,,,,,,,,,
USGG10YR Index,,,,,,,,,,,,,,,,,,,
USGG30YR Index,,,,,,,,,,,,,,,,,,,
USGGT02Y Index,,,,,,,,,,,,,,,,,,,
USGGT05Y Index,,,,,,,,,,,,,,,,,,,
USGGT10Y Index,,,,,,,,,,,,,,,,,,,
USGGT20Y Index,,,,,,,,,,,,,,,,,,,
USGGT30Y Index,,,,,,,,,,,,,,,,,,,
USGGBE01 Index,,,,,,,,,,,,,,,,,,,
USGGBE02 Index,,,,,,,,,,,,,,,,,,,
USGGBE03 Index,,,,,,,,,,,,,,,,,,,
USGGBE04 Index,,,,,,,,,,,,,,,,,,,
USGGBE05 Index,,,,,,,,,,,,,,,,,,,
USGGBE06 Index,,,,,,,,,,,,,,,,,,,
USGGBE07 Index,,,,,,,,,,,,,,,,,,,
USGGBE08 Index,,,,,,,,,,,,,,,,,,,
USGGBE09 Index,,,,,,,,,,,,,,,,,,,
USGGBE10 Index,,,,,,,,,,,,,,,,,,,
USGGBE20 Index,,,,,,,,,,,,,,,,,,,
USGGBE30 Index,,,,,,,,,,,,,,,,,,,
USGG5Y5Y Index,,,,,,,,,,,,,,,,,,,
USGGF02Y Index,,,,,,,,,,,,,,,,,,,
USGG20YR Index,,,,,,,,,,,,,,,,,,,
USGG2M   Index,,,,,,,,,,,,,,,,,,,
GDPGADZA Index,,WGDPALGE Index,,,ECOPDZN Index,AGCPIY Index,,,,,,,,,,,612.055 Index,,WDTLDZA Index
GDPGAAGO Index,,WGDPANGO Index,,,WBPIAGO Index,WINFPAGO Index,,,,,,,,,,,614.055 Index,,
ARGQPYOX Index,ARADTOTQ Index,ECOXARN Index,ARIPNSYO Index,ARUERATE Index,WBPIARG Index,ARCPIYOY Index,ARPIIYOY Index,,ECOGBARN Index,EHBBAR Index,ECOQARN  Index,ECORARN Index,,,ECOCARN Index,EHCAAR Index,213.055 Index,ECOYBARN Index,WDTLARGE Index
GDPGAARM Index,AMGDGDPQ Index,ECOXAMN Index,AMPIINDU Index,,ECOPAMN Index,AMPRCPIY Index,AMPRPPIY Index,,,,,,,,ECOCAMN Index,EHCAAM Index,911.055 Index,,WDTLARME Index
AUNAGDPY Index,AUNAGDPC Index,ECOXAUS Index,AUIPTOLY Index,AULFUNEM Index,ECOPAUN Index,AUCPIYOY Index,AUPPTOTY Index,AURSTYSA Index,ECOGBAUN Index,EHBBAUY Index,,,BBSW3M Index,GACGB10 Index,ECOCAUS Index,EHCAAU Index,193.055 Index,ECOYBAUS Index,WDTLAUST Index
ASGPGDPY Index,ASGPGDPQ Index,ECOXATS Index,ATIPIYY Index,UMRTAT Index,ATCP2010 Index,ATCPYY10 Index,ASPPIYOY Index,RSWAATYY Index,ECOGBATN Index,EHBBATY Index,ECOQATN  Index,ECORATN Index,EUR003M Index,GAGB10YR Index,ECOCATN Index,EHCAAT Index,122.055 Index,ECOYBATN Index,WDTLASTI Index
GDPGAAZE Index,,ECOXAZN Index,,,WBPIAZE Index,WINFPAZE Index,,,,,,,,,,,912.055 Index,ECOYBAZN Index,
GDPGABHS Index,,WGDPBAHA Index,,,WBPIBHS Index,BSCIALLY Index,,,,,,,,,,,313.055 Index,,WDTLBHS Index
BJDPDPY Index,BJDPDPQ Index,ECOXBHN Index,,,ECOPBHN Index,BJCPIYOY Index,,,,EHBBBHY Index,,ECORBHN Index,BDDRC CMPN Curncy,,,,419.055 Index,,
GDPGABGD Index,,WGDPBANG Index,,,WBPIBGD Index,WINFPBGD Index,,,,,,,,,ECOCBDN Index,,513.055 Index,,WDTLBGD Index
GDPGABRB Index,,WGDPBARB Index,,BBLACMFR Index,WBPIBRB Index,BBRPCYOY Index,,,,,ECOQBBN  Index,,,,,,316.055 Index,ECOYBBBN Index,
GDPGABLR Index,,ECOXBYN Index,BYIPLY Index,BYLARA Index,ECOPBYN Index,PIRBCPIY Index,,,,,,ECORBYN Index,,,ECOCBYN Index,EHCABY Index,913.055 Index,,WDTLBELA Index
BEGDPYS Index,BEGDPQS Index,ECOXBES Index,BEPDRYSA Index,UMRTBE Index,ECOPBEN Index,BECPYOY Index,BEPPDMY Index,RSWABEYY Index,,EHBBBEY Index,ECOQBEN  Index,,EUR003M Index,GBGB10YR Index,ECOCBEN Index,EHCABE Index,124.055 Index,ECOYBBEN Index,WDTLBELG Index
GDPGABLZ Index,BZGPGDPQ Index,WGDPBELI Index,,,ECOPBZN Index,BZHHCPIY Index,,,,,,,,,,,339.055 Index,,
BOGDBOYO Index,,WGDPBOLI Index,,,ECOPBON Index,BOPIIPCY Index,,,ECOGBBON Index,,,,,,,,218.055 Index,,
BAQRGDPY Index,BAQRGDPQ Index,ECOXBAN Index,,,,BYCPIYOY Index,,,,,,,,,,,,ECOYBBAN Index,
GDPGABWA Index,BWGRGDPQ Index,ECOXBWN Index,,,ECOPBWN Index,BWCPIYOY Index,,,,,,,,,,,616.055 Index,ECOYBBWN Index,
BZGDYOY% Index,BZGDQOQ% Index,ECOXBRN Index,BZIPYOY% Index,BZUETOTN Index,ECOPBRN Index,BZPIIPCY Index,BPPICY Index,BZRTRIYY Index,ECOGBBRN Index,EHBBBR Index,ECOQBRN  Index,,BZAD3M Index,GEBR10Y Index,ECOCBRN Index,EHCABR Index,223.055 Index,ECOYBBRN Index,WDTLBRAZ Index
BUGSGDPY Index,BUGSGDPQ Index,ECOXBGS Index,BUIPYOY Index,UMRTBG Index,WBPIBGR Index,BUCPIYOY Index,EUPPBGY Index,RSWABGY Index,ECOGBBGN Index,,ECOQBGN  Index,ECORBGN Index,SOBR3M Index,GBBP10 Index,ECOCBGN Index,EHCABG Index,918.055 Index,ECOYBBGN Index,WDTLBULG Index
GDPGAKHM Index,,WGDPCAMB Index,,,ECOPKHN Index,KHCPIYOY Index,,,,,,ECORKHN Index,,,,,522.055 Index,,
CGE9YOY Index,CGE9QOQ Index,ECOXCAS Index,CDIP%YOY Index,CANLXEMR Index,ECOPCAN Index,CACPIYOY Index,CAIPYOY Index,CARSYOY Index,,EHBBCAY Index,,ECORCAN Index,GCAN3M Index,GCAN10YR Index,ECOCCAS Index,EHCACA Index,156.055 Index,ECOYBCAS Index,WDTLCANA Index
GDPGACPV Index,,WGDPCAPE Index,,,WBPICPV Index,CVPCP3HY Index,,,,,,,,,,,624.055 Index,,
CLGDPNA% Index,CLGDQSA Index,ECOXCLN Index,CHIPTOTY Index,CHUETOTL Index,ECOPCLN Index,CNPINSYO Index,CLPIYOY Index,CHRSTYOY Index,,,,ECORCLN Index,,CLGB10Y Index,ECOCCLN Index,EHCACL Index,CHMRRSRV Index,ECOYBCLN Index,WDTLCHIL Index
CNGDPYOY Index,CNGDPQOQ Index,ECOXCNN Index,CHVAIOY Index,CNUERATE Index,ECOPCNN Index,CNCPIYOY Index,CHEFTYOY Index,CNRSCYOY Index,ECOGBCNN Index,EHBBCNY Index,,ECORCNN Index,CNBI3MO Index,GCNY10YR Index,ECOCCNN Index,EHCACN Index,WIRACHIN Index,ECOYBCNN Index,
COCIPIBY Index,COCIPIBQ Index,ECOXCOS Index,COIPEYOY Index,COUNTOTN Index,ECOPCON Index,COCPIYOY Index,COPIIYOY Index,COSAYOY Index,ECOGBCON Index,EHBBCO Index,ECOQCON  Index,ECORCON Index,DTF RATE Index,COGR10Y Index,ECOCCON Index,EHCACO Index,233.055 Index,ECOYBCON Index,WDTLCOLO Index
CRGQYOY Index,,ECOXCRN Index,,CRUEUN Index,ECOPCRN Index,CRCIYOY Index,CRPIYOY Index,,ECOGBCRN Index,,,ECORCRN Index,,,ECOCCRN Index,EHCACR Index,238.055 Index,ECOYBCRN Index,WDTLCOST Index
CQGRCOYY Index,EUGNHRQQ Index,ECOXHRS Index,CQIPTYOY Index,CQUER Index,ECOPHRN Index,CQPCIYOY Index,CQPPIYOY Index,CQRSRYOY Index,ECOGBHRN Index,EHBBHR Index,,,ZIBOR3M Index,,ECOCHRN Index,EHCAHR Index,960.055 Index,ECOYBHRN Index,WDTLCROA Index
CYGDYOY Index,CYGDCQSA Index,ECOXCYS Index,,UMRTCY Index,ECOPCYN Index,CYCPNYOY Index,EUPPCYY Index,RSWACYY Index,,,ECOQCYN  Index,,EUR003M Index,,ECOCCYN Index,,423.055 Index,,WDTLCYP Index
CZGDPSAY Index,CZGDPSAQ Index,ECOXCZS Index,CZIPITYY Index,UMRTCZ Index,ECOPCZN Index,CZCPYOY Index,EUPPCZY Index,RSWACZY Index,ECOGBCZN Index,,ECOQCZN  Index,ECORCZN Index,PRIB03M Index,CZGB10YR Index,ECOCCZN Index,EHCACZ Index,WIRACZEC Index,ECOYBCZN Index,WDTLCZEC Index
DEGDPNYY Index,DEGDPNQQ Index,ECOXDKS Index,DEMFIPSY Index,UMRTDK Index,ECOPDKN Index,DNCPIYOY Index,DKKPYOY Index,RSWADKYY Index,,,ECOQDKN  Index,ECORDKN Index,DKDRC CMPN Curncy,GDGB10YR Index,ECOCDKN Index,EHCADK Index,128.055 Index,ECOYBDKN Index,WDTLDENM Index
BCRDGDPY Index,,ECOXDON Index,,BCRDUNEM Index,ECOPDON Index,BCRDCPIY Index,,,,,,ECORDON Index,,,ECOCDON Index,EHCADO Index,243.055 Index,,WDTLDOM Index
EDGCYGDP Index,EDGCQGDP Index,ECOXECS Index,,EDLBUETO Index,ECOPECN Index,EDCPYOY Index,,,ECOGBECN Index,,,,,,ECOCECN Index,,248.055 Index,ECOYBECN Index,WDTLECUA Index
EGGQTOTY Index,EGGQTOTQ Index,ECOXEGN Index,EGPIPIY Index,EGEAUT Index,ECOPEGN Index,EGCPYOY Index,EGPPGENY Index,,,,,ECOREGN Index,,,ECOCEGN Index,EHCAEG Index,469.055 Index,ECOYBEGN Index,WDTLEGYP Index
ELGDYTOT Index,ELGDQTOT Index,WGDPELSA Index,,,ECOPSVN Index,ELCPINYO Index,,,,,,,,,ECOCSVN Index,,253.055 Index,ECOYBSVN Index,WDTLELSA Index
ESGCCOYY Index,ESGCSAQQ Index,ECOXEES Index,ESISTWAY Index,UMRTEE Index,OESTC002 Index,ESCPLYOY Index,EUPPEEY Index,RSWAEEY Index,ECOGBEEN Index,,ECOQEEN  Index,,EUR003M Index,,ECOCEEN Index,EHCAEE Index,939.055 Index,ECOYBEEN Index,WDTLESTO Index
EUGN27YY Index,EUGN27QQ Index,,E6BDFEUY Index,UMRT27 Index,,ECCPEUY Index,EUPP27Y Index,RSWA27Y Index,,EHBBEUN Index,,,,,,,,ECOYBEUS Index,
EUGNEMUY Index,EUGNEMUQ Index,ECOXEAS Index,E6BDFEAY Index,UMRTEMU Index,O11EC012 Index,ECCPEMUY Index,EUPPEMUY Index,RSWAEMUY Index,,EHBBEU Index,,ECOREAN Index,EUR003M Index,GECU10YR Index,ECOCEAS Index,EHCAEU Index,163.055 Index,ECOYBEAS Index,WDTLEURO Index
GDPGAFJI Index,,WGDPFIJI Index,,,WBPIFJI Index,FJCPYOY% Index,,,,,,,,,ECOCFJN Index,,819.055 Index,,
FIGDPYOY Index,FIGDPCH Index,ECOXFIS Index,FIIPYOY Index,UMRTFI Index,ECOPFIN Index,FICP2YOY Index,FIPPIR2Y Index,RSWAFIYY Index,,EHBBFIY Index,ECOQFIN  Index,,EUR003M Index,GFIN10YR Index,ECOCFIN Index,EHCAFI Index,172.055 Index,ECOYBFIN Index,WDTLFINL Index
FRGEGDPY Index,FRGEGDPQ Index,ECOXFRS Index,FPIPYOY Index,UMRTFR Index,ECOPFRN Index,FRCPIYOY Index,FRPIYOY Index,RSWAFRYY Index,ECOGBFRN Index,EHBBFRY Index,ECOQFRN  Index,,EUR003M Index,GFRN10 Index,ECOCFRS Index,EHCAFR Index,132.055 Index,ECOYBFRS Index,WDTLFRAN Index
GGGDGDMY Index,GGGDGDMQ Index,ECOXGEN Index,,GGEMUMR Index,WBPIGEO Index,GGCPALLY Index,GGPPTOTY Index,,,,,ECORGEN Index,,,ECOCGEN Index,EHCAGE Index,,ECOYBGEN Index,WDTLGEOR Index
GRGDPPGY Index,GRGDPPGQ Index,ECOXDES Index,GEINYY Index,GILOURS Index,ECOPDEN Index,GRCP20YY Index,GRPFIYOY Index,RSWADEYY Index,ECOGBDEN Index,EHBBDEY Index,ECOQDEN  Index,,EUR003M Index,GDBR10 Index,ECOCDES Index,EHCADE Index,134.055 Index,ECOYBDEN Index,WDTLGERM Index
GAGDPYOY Index,,ECOXGHN Index,,,WBPIGHA Index,GHCPALLY Index,GHPPIY Index,,,,,,,,ECOCGHN Index,EHCAGH Index,,,
GKGNGDPY Index,GKGNVQQ Index,ECOXGRS Index,GKIPIYOY Index,UMRTGR Index,ECOPGRN Index,GKCPNEWY Index,EUPPGRYY Index,RSWAGRYY Index,ECOGBGRN Index,EHBBGRY Index,ECOQGRN  Index,ECORGRN Index,EUR003M Index,GGGB10YR Index,ECOCGRN Index,,174.055 Index,ECOYBGRN Index,WDTLGREE Index
GUDQCNSY Index,GUDQCNSQ Index,ECOXGTN Index,,,ECOPGTN Index,GUCPIYOY Index,,,ECOGBGTN Index,,ECOQGTN  Index,ECORGTN Index,,,ECOCGTN Index,EHCAGT Index,258.055 Index,,WDTLGTM Index
GDPGAHND Index,,WGDPHOND Index,,,ECOPHNN Index,HNCPCPIY Index,,,,,,,,,,,268.055 Index,,
HKGDYOY Index,HKGDQOQ Index,ECOXHKN Index,HKIPIYOY Index,HKUERATE Index,ECOPHKN Index,HKCPIY Index,HKPPIC Index,HKRSVONY Index,ECOGBHKN Index,EHBBHK Index,,ECORHKN Index,HIHD03M Index,HKGG10Y Index,ECOCHKN Index,EHCAHK Index,WIRAHK Index,ECOYBHKN Index,WDTLCHHK Index
HUGPTOTL Index,HUGSTQ Index,ECOXHUS Index,HUIPIYOY Index,UMRTHU Index,OEHUC005 Index,HUCPIYY Index,EUPPHUY Index,RSWAHUY Index,ECOGBHUN Index,,ECOQHUN  Index,ECORHUN Index,GHTB3M Index,,ECOCHUN Index,,944.055 Index,ECOYBHUN Index,WDTLHUNG Index
ICGPYOY Index,ICGPSAQ Index,ECOXISN Index,,ICUNEMRT Index,ECOPISN Index,ICCPIYOY Index,ICPMPPIY Index,OEISD010 Index,,,,,SEDL3MDE Index,,ECOCISN Index,EHCAIS Index,176.055 Index,ECOYBISN Index,WDTLICEL Index
IGQREGDY Index,,ECOXINN Index,INPIINDY Index,INUNCIA Index,OEINC001 Index,INFUTOTY Index,INFINFY Index,,ECOGBINN Index,EHBBIN Index,,,NSERO3M Index,IYTB10M Index,ECOCINN Index,EHCAIN Index,534.055 Index,ECOYBINN Index,WDTLINDI Index
IDGDPY Index,IDGDQY Index,ECOXIDN Index,IDMPIYOY Index,IDEMUNE% Index,ECOPIDN Index,IDCPIY Index,IDWPIY Index,IDRSTOTY Index,,EHBBIDY Index,,ECORIDN Index,JIIN3M Index,GIDN10YR Index,ECOCIDN Index,EHCAID Index,WIRAINDO Index,ECOYBIDN Index,WDTLINDO Index
IAGDPMPY Index,IAGDPMPQ Index,WGDPIRAN Index,,IALAURT2 Index,WBPIIRN Index,IAPIGY Index,,,,,,,,,,,,,
GDPGAIRQ Index,,WGDPIRAQ Index,,,ECOPIQN Index,IQPIGIY Index,,,,,,ECORIQN Index,,,,,,,
IEGRPYOY Index,IEGSGDPQ Index,ECOXIES Index,IEIPINYY Index,IEUERT Index,ECOPIEN Index,IECPIYOY Index,EUPPIEYY Index,RSWAIEYY Index,ECOGBIEN Index,EHBBIEY Index,ECOQIEN  Index,ECORIEN Index,EUR003M Index,GIGB10YR Index,ECOCIEN Index,EHCAIE Index,178.055 Index,ECOYBIEN Index,WDTLIREL Index
ISGDPNYY Index,ISGSPNQQ Index,ECOXILN Index,,ISUMUNER Index,ECOPILN Index,ISCPIYYN Index,ISWPINYY Index,OEILD016 Index,,,,ECORILN Index,ISMB03M Index,GISR10YR Index,ECOCILS Index,EHCAIL Index,WIRAISRA Index,ECOYBILN Index,WDTLISRA Index
ITPIRLYS Index,ITPIRLQS Index,ECOXITS Index,ITPRWAY Index,ITMUURS Index,ECOPITN Index,ITCPNICY Index,ITPNIYOY Index,RSWAITYY Index,ECOGBITN Index,EHBBITY Index,ECOQITN  Index,ECORITN Index,EUR003M Index,GBTPGR10 Index,ECOCITN Index,EHCAIT Index,136.055 Index,ECOYBITN Index,WDTLITAL Index
JMBKTOYO Index,JMBKTOQO Index,ECOXJMN Index,,JMLFTUER Index,ECOPJMN Index,JMCPYOY Index,,,,,,,,,,EHCAJM Index,343.055 Index,ECOYBJMN Index,WDTLJAM Index
JGDPNSAQ Index,JGDPQGDP Index,ECOXJPS Index,JNIPYOY Index,JNUE Index,ECOPJPN Index,JNCPIYOY Index,JIOPOUTY Index,JNNETYOY Index,,EHBBJPY Index,,ECORJPN Index,JY0003M Index,GJGB10 Index,ECOCJPN Index,EHCAJP Index,WIRAJAPA Index,ECOYBJPN Index,WDTLJAPA Index
JOGCMPY Index,JOGCMPM Index,ECOXJON Index,JOIPIY Index,JOUERATE Index,ECOPJON Index,JOCPIYOY Index,JOWPIYOY Index,,,,,ECORJON Index,,,ECOCJON Index,EHCAJO Index,439.055 Index,ECOYBJON Index,WDTLJORD Index
KZGDTLYY Index,,WGDPKAZA Index,KAIPYOYT Index,KAUERATE Index,WBPIKAZ Index,KACPYOY Index,KAINYOY Index,KZRSYOY Index,,,,,KZDR90D Index,,ECOCKZN Index,,916.055 Index,ECOYBKZN Index,WDTLKAZA Index
KNGDPNSY Index,KNGDPSAQ Index,ECOXKES Index,,,ECOPKEN Index,KNPRIYY Index,KEPI0Y Index,,ECOGBKEN Index,,,ECORKEN Index,KNRETB91 Index,,,,664.055 Index,ECOYBKEN Index,
GDPGAKWT Index,,WGDPKUWA Index,,,WBPIKWT Index,KUCPIYOY Index,KUWPIYOY Index,,,,,ECORKWN Index,KDDRC CMPN Curncy,,,,443.055 Index,,
GDPGAKGZ Index,,WGDPKYRG Index,KYPRIPMY Index,,ECOPKGN Index,KYPICMYY Index,,,,,,,,,,,917.055 Index,,
LAGDCYOY Index,LAGDPCSQ Index,ECOXLVS Index,LAIOWDS Index,UMRTLV Index,ECOPLVN Index,LACPYOY Index,EUPPLVY Index,RSWALVY Index,ECOGBLVN Index,,ECOQLVN  Index,ECORLVN Index,EUR003M Index,,ECOCLVN Index,EHCALV Index,941.055 Index,ECOYBLVN Index,WDTLLATV Index
GDPGALBN Index,,WGDPLEBA Index,,,WBPILBN Index,LECMGY Index,,,ECOGBLBN Index,,ECOQLBN  Index,,,,,,446.055 Index,,LEPFPDED Index
EUGNLTYY Index,LIGDSWAJ Index,ECOXLTS Index,E6BD1LTY Index,UMRTLT Index,WBPILTU Index,LICPIYOY Index,EUPPLTY Index,RSWALTY Index,,,ECOQLTN  Index,ECORLTN Index,EUR003M Index,,ECOCLTN Index,EHCALT Index,946.055 Index,,WDTLLITH Index
LXGDPCSY Index,EUGNLUQQ Index,ECOXLUS Index,E6BDFLUY Index,UMRTLU Index,ECOPLUN Index,LXCPIYOY Index,LXPPYOY Index,RSWALUYY Index,,,ECOQLUN  Index,,EUR003M Index,,ECOCLUN Index,,137.055 Index,ECOYBLUN Index,WDTLLUXE Index
MKGRPYTT Index,,ECOXMKN Index,,,WBPIMKD Index,WINFPMKD Index,,,,,,,,,,,962.055 Index,,WDTLMACE Index
MAGDHIY Index,MAGDPQ% Index,ECOXMYN Index,MAIPINDY Index,MAEPMUN% Index,ECOPMYN Index,MACPIYOY Index,MPPIDTY Index,,,EHBBMYY Index,,ECORMYN Index,KLIB3M Index,MGIY10Y Index,ECOCMYN Index,EHCAMY Index,548.055 Index,ECOYBMYN Index,WDTLMALY Index
MTGDPYY Index,EUGNMTQQ Index,ECOXMTS Index,,UMRTMT Index,WBPIMLT Index,MTCPEHYY Index,MTPPIY Index,,,,ECOQMTN  Index,,EUR003M Index,,ECOCMTN Index,,181.055 Index,ECOYBMTN Index,WDTLMALT Index
GDPGAMUS Index,,ECOXMUN Index,,,WBPIMUS Index,MRCPIY Index,,,,,,,,,ECOCMUN Index,,684.055 Index,,WDTLMUS Index
MXGCTOT Index,MXGPQTR Index,ECOXMXS Index,MXIPTYOY Index,MXUEUNSA Index,ECOPMXN Index,MXCPYOY Index,MXPIYOY Index,MXWRTRYO Index,ECOGBMXN Index,EHBBMX Index,ECOQMXN  Index,ECORMXN Index,MPTBC CMPN Curncy,GMXN10YR Index,ECOCMXN Index,EHCAMX Index,273.055 Index,ECOYBMXN Index,WDTLMEXI Index
GDPGAMDA Index,,WGDPMOLD Index,MDIPINDY Index,,ECOPMDN Index,MDCPIYOY Index,,,,,,ECORMDN Index,,,,,921.055 Index,,WDTLMOLD Index
MOGDPY% Index,MOGDPQOQ Index,WGDPMORO Index,,MOUER Index,ECOPMAN Index,MOCPIYOY Index,,,,,,ECORMAN Index,,,ECOCMAN Index,,686.055 Index,ECOYBMAN Index,WDTLMORO Index
MMGDTOTY Index,,,,,WBPIMMR Index,MMPXINFL Index,,,,,,,,,,,,ECOYBMMS Index,
NAGPMRKY Index,,WGDPNAMI Index,,,WBPINAM Index,NCPIYOY Index,,,,,,,,,,,728.055 Index,,
GDPGANPL Index,,WGDPNEPA Index,,,WBPINPL Index,NPCPALLY Index,NPWIALLY Index,,,,,,,,,,558.055 Index,,WDTLNPL Index
NEGDPESY Index,NEGDPESQ Index,ECOXNLS Index,NEIP20YY Index,NEUETTLR Index,ECOPNLN Index,NECPIYOY Index,EUPPNLYY Index,RSWANLYY Index,,EHBBNLY Index,ECOQNLN  Index,,EUR003M Index,GNTH10YR Index,ECOCNLN Index,EHCANL Index,138.055 Index,ECOYBNLN Index,WDTLNETH Index
NZNTEYOY Index,NZNTEQOQ Index,ECOXNZS Index,,NZLFUNER Index,WBPINZL Index,NZCPIYOY Index,NZPPOUTY Index,OENZD017 Index,,EHBBNZY Index,,,,GNZGB10 Index,ECOCNZN Index,EHCANZ Index,196.055 Index,ECOYBNZN Index,WDTLNEWZ Index
NGDPCONY Index,,ECOXNIN Index,,,ECOPNIN Index,NIPIMNYY Index,,,,,,ECORNIN Index,,,ECOCNIN Index,EHCANI Index,278.055 Index,ECOYBNIN Index,WDTLNIC Index
NGRIGDPY Index,NGRIGDPQ Index,ECOXNGN Index,,NGUETOTL Index,ECOPNGN Index,NGCPIYOY Index,,,,,,ECORNGN Index,NNDRC CMPN Curncy,,ECOCNGN Index,EHCANG Index,694.055 Index,ECOYBNGN Index,
NOGDCOSY Index,NOGDCOSQ Index,ECOXNOS Index,NOIPOYOY Index,NOLBRATE Index,ECOPNON Index,NOCPIYOY Index,NOPPIYOY Index,NORSXVWY Index,,EHBBNOY Index,,ECORNON Index,NIBOR3M Index,GNOR10YR Index,ECOCNON Index,EHCANO Index,142.055 Index,ECOYBNON Index,WDTLNORW Index
GDPGAOMN Index,,ECOXOMN Index,,,WBPIOMN Index,OMCPIYOY Index,OMWPGENY Index,,ECOGBOMN Index,,,ECOROMN Index,ORDRC CMPN Curncy,,,,449.055 Index,,
GDPGAPAK Index,,,PAMFGY Index,PALFURT Index,ECOPPKN Index,PACPGENY Index,PAWHOLEY Index,,,,,ECORPKN Index,,,ECOCPKN Index,,564.055 Index,ECOYBPKN Index,
PNGDYOY% Index,,WGDPPANA Index,,,ECOPPAN Index,PNCPYOY Index,,,,,,,,,ECOCPAN Index,,283.055 Index,,
GDPGAPRY Index,,ECOXPYN Index,,,ECOPPYN Index,PYCICHGY Index,,,,,,,,,,,288.055 Index,,HELDPYGD Index
PRSCYOY Index,,ECOXPEN Index,PEIPTOTO Index,PRUEUER Index,WBPIPER Index,PRCPYOY Index,PRWPYOY Index,,ECOGBPEN Index,,,ECORPEN Index,,GRPE10Y Index,ECOCPEN Index,EHCAPE Index,293.055 Index,ECOYBPEN Index,WDTLPERU Index
PHGDPYOY Index,PHNAGDP Index,ECOXPHN Index,VOPIMFGY Index,PHLFUERT Index,ECOPPHN Index,PHC2II Index,PHPPII Index,,ECOGBPHN Index,EHBBPH Index,ECOQPHN  Index,ECORPHN Index,,PDSR10YR Index,ECOCPHN Index,EHCAPH Index,PHIRTTL Index,ECOYBPHN Index,WDTLPHIL Index
POGDYOY Index,POGDQOQ Index,ECOXPLS Index,POISCYOY Index,UMRTPL Index,OEPOC005 Index,POCPIYOY Index,EUPPPLY Index,RSWAPLY Index,ECOGBPLN Index,,ECOQPLN  Index,ECORPLN Index,WIBO3M Index,POGB10YR Index,ECOCPLN Index,EHCAPL Index,964.055 Index,,WDTLPOLA Index
PTGDPYOY Index,PTGDPQOQ Index,ECOXPTS Index,PTIPTOTY Index,UMRTPT Index,ECOPPTN Index,PLCPYOY Index,PTPPYOY Index,RSWAPTYY Index,ECOGBPTN Index,EHBBPTY Index,ECOQPTN  Index,,EUR003M Index,GSPT10YR Index,ECOCPTN Index,EHCAPT Index,182.055 Index,ECOYBPTN Index,WDTLPORT Index
QAGQTOTY Index,QAGQTOTQ Index,ECOXQAN Index,,,WBPIQAT Index,QAPCGYOY Index,QAPPGIY Index,,,,,ECORQAN Index,QRDRC CMPN Curncy,,ECOCQAN Index,EHCAQA Index,453.055 Index,ECOYBQAN Index,
ROGDTOTY Index,ROGDPQ Index,ECOXRON Index,ROIOUYOY Index,UMRTRO Index,WBPIROM Index,ROCOPYOY Index,ROPPIYOY Index,RSWAROY Index,,,ECOQRON  Index,ECORRON Index,BUBR3M Index,ROMGGR10 Index,ECOCRON Index,EHCARO Index,968.055 Index,ECOYBRON Index,WDTLROMA Index
RUDPRYOY Index,RUDPGDSQ Index,ECOXRUN Index,RUIPRNYY Index,RUUER Index,ECOPRUN Index,RUCPIYOY Index,RUPPNEWY Index,RURSRYOY Index,ECOGBRUN Index,EHBBRU Index,ECOQRUN  Index,ECORRUN Index,,,ECOCRUS Index,EHCARU Index,922.055 Index,ECOYBRUN Index,WDTLRUSS Index
SRRGGDPY Index,SRWPIY Index,ECOXSAN Index,,SRUNTOT Index,4566639 Index,SRCPIYOY Index,SRWPIY Index,,,,,ECORSAN Index,SRSWC CMPN Curncy,,ECOCSAN Index,EHCASA Index,456.055 Index,ECOYBSAN Index,
SEGDYTOT Index,,ECOXRSN Index,SEIPYY Index,,WBPISRB Index,WINFPSRB Index,,SERTCOYY Index,,,,,BELI3M Index,,ECOCRSN Index,EHCARS Index,,ECOYBRSN Index,
SIFCTOTY Index,SGDSTOTQ Index,ECOXSGN Index,SIIPYOY% Index,SIQUTOTA Index,ECOPSGN Index,SICPIYOY Index,,SRETYOY% Index,,EHBBSG Index,ECOQSGN  Index,ECORSGN Index,SIBF3M Index,MASB10Y Index,ECOCSGN Index,EHCASG Index,SIOFRUS Index,,WDTLSING Index
SKGDLYOY Index,SKGDGDSQ Index,ECOXSKS Index,SLPRYOYA Index,UMRTSK Index,ECOPSKN Index,SLCPLYOY Index,EUPPSKY Index,RSWASKY Index,ECOGBSKN Index,,ECOQSKN  Index,,EUR003M Index,GRSK10Y Index,ECOCSKN Index,,936.055 Index,ECOYBSKN Index,WDTLSLOV Index
SVGDCYOY Index,SVGDTLQS Index,ECOXSIS Index,SVIPTYOY Index,UMRTSI Index,OESVC002 Index,SVCPYOY Index,EUPPSIY Index,RSWASIY Index,ECOGBSIN Index,,ECOQSIN  Index,,EUR003M Index,,ECOCSIN Index,EHCASI Index,961.055 Index,ECOYBSIN Index,WDTLSLVE Index
SAGDVADY Index,SAGDVADQ Index,ECOXZAS Index,SFPMYOY Index,SAUERATQ Index,ECOPZAN Index,SACPIYOY Index,SAPRFMGY Index,SARSTCSY Index,ECOGBZAN Index,EHBBZA Index,,ECORZAN Index,JIBA3M Index,GSAB10YR Index,ECOCZAS Index,EHCAZA Index,199.055 Index,ECOYBZAN Index,WDTLSOUT Index
KOECTOTY Index,KOECSTOQ Index,ECOXKRS Index,KOIPIY Index,KOEAUERS Index,ECOPKRN Index,KOCPIYOY Index,KOPPIYOY Index,KOCGCGY Index,ECOGBKRN Index,EHBBKRY Index,,ECORKRN Index,KRBO3M Index,GVSK10YR Index,ECOCKRN Index,EHCAKR Index,WIRASK Index,ECOYBKRN Index,WDTLKORE Index
SPNAGDPY Index,SPNAGDPQ Index,ECOXESS Index,SPIOYOY Index,UMRTES Index,ECOPESN Index,SPIPCYOY Index,SPROYOY Index,RSWAESYY Index,ECOGBESN Index,EHBBESY Index,ECOQESN  Index,,EUR003M Index,GSPG10YR Index,ECOCESN Index,EHCAES Index,184.055 Index,ECOYBESN Index,WDTLSPAI Index
SNGPYOY Index,,WGDPSRIL Index,,SKEMUNER Index,ECOPLKN Index,SKCPYOY Index,,,,,ECOQLKN  Index,ECORLKN Index,,,,,524.055 Index,,
SWGDPAYY Index,SWGDPAQQ Index,ECOXSES Index,SWIPIYOY Index,SWUESART Index,ECOPSEN Index,SWCPYOY Index,SWPPIYOY Index,RSWASEYY Index,ECOGBSEN Index,EHBBSEY Index,ECOQSEN  Index,ECORSEN Index,GSGT3M Index,GSGB10YR Index,ECOCSES Index,EHCASE Index,144.055 Index,ECOYBSEN Index,WDTLSWED Index
SZGDPCYY Index,SZGDPCQQ Index,ECOXCHS Index,SZIPIYOY Index,SZUEUEA Index,ECOPCHN Index,SZCPIYOY Index,SZPPIYY Index,SZRSRYOY Index,ECOGBCHN Index,EHBBCHY Index,,ECORCHS Index,SF0003M Index,GSWISS10 Index,ECOCCHN Index,EHCACH Index,146.055 Index,ECOYBCHN Index,WDTLSWIT Index
TWGDCONY Index,TWRGSARQ Index,ECOXTWS Index,TWINDPIY Index,TWLFADJ Index,ECOPTWN Index,TWCPIYOY Index,TWWPIYOY Index,TARSYOY Index,ECOGBTWN Index,EHBBTWY Index,,ECORTWN Index,TAIBOR3M Index,GVTW10YR Index,ECOCTWN Index,EHCATW Index,WIRATAIW Index,ECOYBTWN Index,
TZGDPYOY Index,,WGDPTANZ Index,,,WBPITZA Index,TZCPP3HY Index,,,ECOGBTZN Index,,,,,,ECOCTZN Index,,738.055 Index,,
THG PQY Index,THG PQQ Index,ECOXTHN Index,THMPIS2Y Index,THLMUERT Index,ECOPTHN Index,THCPIYOY Index,THPPIACY Index,THRSY Index,ECOGBTHN Index,EHBBTH Index,,ECORTHN Index,BOFX3M Index,GVTL10YR Index,ECOCTHN Index,EHCATH Index,THFREXG Index,ECOYBTHN Index,WDTLTHAI Index
TRRGTTLY Index,TRRGTOTL Index,,,TRLAUNRT Index,,RTPIYYRC Index,,,ECOGBTTN Index,,ECOQTTN  Index,ECORTTN Index,,,,,,,
TNCGDPY Index,TNCGDPQ Index,ECOXTNN Index,TNIPIYOY Index,TNLFUNR Index,ECOPTNN Index,TNCPIYOY Index,TNPPIY Index,,,,,ECORTNN Index,,,,,744.055 Index,ECOYBTNN Index,WDTLTUNI Index
TUGPCOYR Index,TUGPCOQS Index,ECOXTRN Index,TUIOIYOY Index,TULSUR Index,ECOPTRN Index,TUCPIY Index,TUDPYOY Index,TRRDLVLY Index,ECOGBTRN Index,EHBBTR Index,ECOQTRN  Index,ECORTRN Index,TRLIB3M Index,GTRU10YR Index,ECOCTRN Index,EHCATR Index,186.055 Index,ECOYBTRN Index,WDTLTURK Index
UGGPSMPY Index,UGGPSMPQ Index,ECOXUGS Index,,,ECOPUGN Index,UGCPIYOY Index,UGPP0CY Index,,,,,,,,ECOCUGN Index,,746.055 Index,,HELDUGGD Index
UADPRYOY Index,UADPRSAQ Index,ECOXUAN Index,UAIPYY Index,UAUEILO Index,ECOPUAN Index,UACPTYOY Index,UAPPYY Index,,ECOGBUAN Index,,,ECORUAN Index,KIEV3M Index,,ECOCUAN Index,EHCAUA Index,926.055 Index,,WDTLUKRA Index
GDPGAARE Index,DUGPDOMQ Index,WGDPUAE Index,,,ECOPAEN Index,UAPIGY Index,,,,,,ECORAEN Index,UDDRC CMPN Curncy,,,,466.055 Index,,
UKGRABIY Index,UKGRYBZQ Index,ECOXUKS Index,UKIPIYOY Index,UKUEILOR Index,ECOPUKN Index,UKRPCJYR Index,UKPPIOY Index,UKRVINFY Index,ECOGBUKN Index,EHBBGB Index,ECOQUKN  Index,ECORUKN Index,BP0003M Index,GUKG10 Index,ECOCUKS Index,EHCAGB Index,112.055 Index,ECOYBUKS Index,WDTLUK Index
GDP CYOY Index,GDP CHUA Index,GDP CUR$ Index,IP YOY Index,USURTOT Index,ECOPUSN Index,CPI YOY Index,FDIUFDYO Index,RSTAYOY Index,ECOGBUSN Index,EHBBUS Index,ECOQUSN  Index,ECORUSN Index,US0003M Index,USGG10YR Index,ECOCUSS Index,EHCAUS Index,111.055 Index,ECOYBUSS Index,WDTLUS Index
URGDNSAY Index,,ECOXUYN Index,URMIIYOY Index,URURURT Index,ECOPUYN Index,URCPYOY Index,URPNYOY Index,,ECOGBUYN Index,,ECOQUYN  Index,ECORUYN Index,,,ECOCUYN Index,EHCAUY Index,298.055 Index,ECOYBUYN Index,WDTLURUG Index
VNGGYOY Index,VNGGQOQ Index,WGDPVENE Index,,VNUEMTHY Index,ECOPVEN Index,VZCPYOY% Index,,,,,,ECORVEN Index,VNBOACTV Index,,ECOCVEN Index,,299.055 Index,,
VEGDYOY Index,,WGDPVIET Index,VIPITYOY Index,VEEMGUNE Index,ECOPVNN Index,VNCPIYOY Index,,,,EHBBVN Index,,,VDDRC CMPN Curncy,GGVF10YR STTB Index,ECOCVNN Index,,582.055 Index,ECOYBVNN Index,
GDPGAZMB Index,,WGDPZAMB Index,,,WBPIZMB Index,ZMCPIYOY Index,,,,,,,,,,,754.055 Index,ECOYBZMN Index,
GDPGAZWE Index,,WGDPZIMB Index,,,ECOPZWN Index,ZWCPINEY Index,,,,,,,,,,,698.055 Index,,
FDIDSGMO Index,,,,,,,,,,,,,,,,,,,
FDIUSGYO Index,,,,,,,,,,,,,,,,,,,
FDIUFDYO Index,,,,,,,,,,,,,,,,,,,
FDIDFDMO Index,,,,,,,,,,,,,,,,,,,
FDIDSGUM Index,,,,,,,,,,,,,,,,,,,
FDIUSGUY Index,,,,,,,,,,,,,,,,,,,
EMPRGBCI Index,,,,,,,,,,,,,,,,,,,
IMP1YOY% Index,,,,,,,,,,,,,,,,,,,
RSTAMOM Index,,,,,,,,,,,,,,,,,,,
RSTAXAGM Index,,,,,,,,,,,,,,,,,,,
RSTAXMOM Index,,,,,,,,,,,,,,,,,,,
RSTAXAG% Index,,,,,,,,,,,,,,,,,,,
IMP1CHNG Index,,,,,,,,,,,,,,,,,,,
IMP1XPM% Index,,,,,,,,,,,,,,,,,,,
EXP1CMOM Index,,,,,,,,,,,,,,,,,,,
IP  CHNG Index,,,,,,,,,,,,,,,,,,,
CPTICHNG Index,,,,,,,,,,,,,,,,,,,
IPMGCHNG Index,,,,,,,,,,,,,,,,,,,
MTIBCHNG Index,,,,,,,,,,,,,,,,,,,
USHBMIDX Index,,,,,,,,,,,,,,,,,,,
INJCSP Index,,,,,,,,,,,,,,,,,,,
NHCHSTCH Index,,,,,,,,,,,,,,,,,,,
NHSPSTOT Index,,,,,,,,,,,,,,,,,,,
INJCJC Index,,,,,,,,,,,,,,,,,,,
NHSPATOT Index,,,,,,,,,,,,,,,,,,,
NHCHATCH Index,,,,,,,,,,,,,,,,,,,
OUTFGAF Index,,,,,,,,,,,,,,,,,,,
ETSLMOM Index,,,,,,,,,,,,,,,,,,,
ETSLTOTL Index,,,,,,,,,,,,,,,,,,,
CONSSENT Index,,,,,,,,,,,,,,,,,,,
CONSEXP Index,,,,,,,,,,,,,,,,,,,
CONSCURR Index,,,,,,,,,,,,,,,,,,,
CONSPXMD Index,,,,,,,,,,,,,,,,,,,
CONSP5MD Index,,,,,,,,,,,,,,,,,,,
LEI CHNG Index,,,,,,,,,,,,,,,,,,,
RCHSINDX Index,,,,,,,,,,,,,,,,,,,
INJCSP Index,,,,,,,,,,,,,,,,,,,
INJCJC Index,,,,,,,,,,,,,,,,,,,
CFNAI Index,,,,,,,,,,,,,,,,,,,
GDP CQOQ Index,,,,,,,,,,,,,,,,,,,
GDPCTOT% Index,,,,,,,,,,,,,,,,,,,
GDP PIQQ Index,,,,,,,,,,,,,,,,,,,
GDPCPCEC Index,,,,,,,,,,,,,,,,,,,
USTGTTCB Index,,,,,,,,,,,,,,,,,,,
RSRSTMOM Index,,,,,,,,,,,,,,,,,,,
MWINCHNG Index,,,,,,,,,,,,,,,,,,,
DGNOCHNG Index,,,,,,,,,,,,,,,,,,,
DGNOXTCH Index,,,,,,,,,,,,,,,,,,,
CGNOXAI% Index,,,,,,,,,,,,,,,,,,,
CGSHXAI% Index,,,,,,,,,,,,,,,,,,,
NHSLCHNG Index,,,,,,,,,,,,,,,,,,,
NHSLTOT Index,,,,,,,,,,,,,,,,,,,
KCLSSACI Index,,,,,,,,,,,,,,,,,,,
PCE DEFM Index,,,,,,,,,,,,,,,,,,,
PCE DEFY Index,,,,,,,,,,,,,,,,,,,
PCE CHNC Index,,,,,,,,,,,,,,,,,,,
PITLCHNG Index,,,,,,,,,,,,,,,,,,,
PCE CRCH Index,,,,,,,,,,,,,,,,,,,
PCE CMOM Index,,,,,,,,,,,,,,,,,,,
PCE CYOY Index,,,,,,,,,,,,,,,,,,,
USPHTMOM Index,,,,,,,,,,,,,,,,,,,
USPHTYOY Index,,,,,,,,,,,,,,,,,,,
DFEDGBA Index,,,,,,,,,,,,,,,,,,,
SPCS20SM Index,,,,,,,,,,,,,,,,,,,
SPCS20Y% Index,,,,,,,,,,,,,,,,,,,
HPIMMOM% Index,,,,,,,,,,,,,,,,,,,
CONCCONF Index,,,,,,,,,,,,,,,,,,,
JOLTTOTL Index,,,,,,,,,,,,,,,,,,,
ADP CHNG Index,,,,,,,,,,,,,,,,,,,
ECI SA% Index,,,,,,,,,,,,,,,,,,,
CHPMINDX Index,,,,,,,,,,,,,,,,,,,
SAARTOTL Index,,,,,,,,,,,,,,,,,,,
INJCSP Index,,,,,,,,,,,,,,,,,,,
INJCJC Index,,,,,,,,,,,,,,,,,,,
PRODNFR% Index,,,,,,,,,,,,,,,,,,,
COSTNFR% Index,,,,,,,,,,,,,,,,,,,
MPMIUSMA Index,,,,,,,,,,,,,,,,,,,
CNSTTMOM Index,,,,,,,,,,,,,,,,,,,
NAPMPMI Index,,,,,,,,,,,,,,,,,,,
NAPMPRIC Index,,,,,,,,,,,,,,,,,,,
NAPMNEWO Index,,,,,,,,,,,,,,,,,,,
NAPMEMPL Index,,,,,,,,,,,,,,,,,,,
AHE MOM% Index,,,,,,,,,,,,,,,,,,,
NFP PCH Index,,,,,,,,,,,,,,,,,,,
NFP TCH Index,,,,,,,,,,,,,,,,,,,
USMMMNCH Index,,,,,,,,,,,,,,,,,,,
AWH TOTL Index,,,,,,,,,,,,,,,,,,,
USURTOT Index,,,,,,,,,,,,,,,,,,,
AHE YOY% Index,,,,,,,,,,,,,,,,,,,
PRUSTOT Index,,,,,,,,,,,,,,,,,,,
DGNOXTCH Index,,,,,,,,,,,,,,,,,,,
DGNOCHNG Index,,,,,,,,,,,,,,,,,,,
CONSSENT Index,,,,,,,,,,,,,,,,,,,
CONSCURR Index,,,,,,,,,,,,,,,,,,,
CONSEXP Index,,,,,,,,,,,,,,,,,,,
CONSPXMD Index,,,,,,,,,,,,,,,,,,,
TMNOCHNG Index,,,,,,,,,,,,,,,,,,,
TMNOXTM% Index,,,,,,,,,,,,,,,,,,,
MPMIUSCA Index,,,,,,,,,,,,,,,,,,,
MPMIUSSA Index,,,,,,,,,,,,,,,,,,,
NAPMNMI Index,,,,,,,,,,,,,,,,,,,
NAPMNPRC Index,,,,,,,,,,,,,,,,,,,
NAPMNEMP Index,,,,,,,,,,,,,,,,,,,
NAPMNNO Index,,,,,,,,,,,,,,,,,,,
USTBTOT Index,,,,,,,,,,,,,,,,,,,
CICRTOT Index,,,,,,,,,,,,,,,,,,,
INJCSP Index,,,,,,,,,,,,,,,,,,,
INJCJC Index,,,,,,,,,,,,,,,,,,,
MWINCHNG Index,,,,,,,,,,,,,,,,,,,
MWSLCHNG Index,,,,,,,,,,,,,,,,,,,
FDDSSD Index,,,,,,,,,,,,,,,,,,,
BZCPI    Index,,,,,,,,,,,,,,,,,,,
GGCPALLY Index,,,,,,,,,,,,,,,,,,,
GGCPALLM Index,,,,,,,,,,,,,,,,,,,
SPUECHNG Index,,,,,,,,,,,,,,,,,,,
TUCPIM   Index,,,,,,,,,,,,,,,,,,,
TUCPIY   Index,,,,,,,,,,,,,,,,,,,
RORSUMOM Index,,,,,,,,,,,,,,,,,,,
RORSUYOY Index,,,,,,,,,,,,,,,,,,,
ECO2PMIC Index,,,,,,,,,,,,,,,,,,,
EUPPEMUY Index,,,,,,,,,,,,,,,,,,,
EUPPEMUM Index,,,,,,,,,,,,,,,,,,,
ITCPEY   Index,,,,,,,,,,,,,,,,,,,
IDCCI    Index,,,,,,,,,,,,,,,,,,,
BZIPYOY% Index,,,,,,,,,,,,,,,,,,,
SPMINDX  Index,,,,,,,,,,,,,,,,,,,
CARAMOM  Index,,,,,,,,,,,,,,,,,,,
CAIPMOM  Index,,,,,,,,,,,,,,,,,,,
NYPMCURR Index,,,,,,,,,,,,,,,,,,,
TMNOCHNG Index,,,,,,,,,,,,,,,,,,,
CRCIYOY  Index,,,,,,,,,,,,,,,,,,,
CRCIMOM  Index,,,,,,,,,,,,,,,,,,,
BZCNCNIS Index,,,,,,,,,,,,,,,,,,,
KOFETOT  Index,,,,,,,,,,,,,,,,,,,
AIGISMI  Index,,,,,,,,,,,,,,,,,,,
EC11SERP Index,,,,,,,,,,,,,,,,,,,
ARVSARTL Index,,,,,,,,,,,,,,,,,,,
BOPIIPCY Index,,,,,,,,,,,,,,,,,,,
ROKEPOLA Index,,,,,,,,,,,,,,,,,,,
POREANN  Index,,,,,,,,,,,,,,,,,,,
EC12HKPM Index,,,,,,,,,,,,,,,,,,,
SPOPQPB  Index,,,,,,,,,,,,,,,,,,,
SPOPQPA  Index,,,,,,,,,,,,,,,,,,,
CZRSYOY  Index,,,,,,,,,,,,,,,,,,,
PMITSIT  Index,,,,,,,,,,,,,,,,,,,
PMITSFR  Index,,,,,,,,,,,,,,,,,,,
PMITSGE  Index,,,,,,,,,,,,,,,,,,,
PMITSEZ  Index,,,,,,,,,,,,,,,,,,,
ECPMICOU Index,,,,,,,,,,,,,,,,,,,
UKCR     Index,,,,,,,,,,,,,,,,,,,
PMITSUK  Index,,,,,,,,,,,,,,,,,,,
CQRSRYOY Index,,,,,,,,,,,,,,,,,,,
RSWAEMUY Index,,,,,,,,,,,,,,,,,,,
RSSAEMUM Index,,,,,,,,,,,,,,,,,,,
IEUERT   Index,,,,,,,,,,,,,,,,,,,
MBAVCHNG Index,,,,,,,,,,,,,,,,,,,
RUWCYTD  Index,,,,,,,,,,,,,,,,,,,
RUWCWOW  Index,,,,,,,,,,,,,,,,,,,
ADP CHNG Index,,,,,,,,,,,,,,,,,,,
MINVTYOY Index,,,,,,,,,,,,,,,,,,,
MXIRINUS Index,,,,,,,,,,,,,,,,,,,
NAPMNMI  Index,,,,,,,,,,,,,,,,,,,
URCPYOY  Index,,,,,,,,,,,,,,,,,,,
URCPMOM  Index,,,,,,,,,,,,,,,,,,,
COPIIYOY Index,,,,,,,,,,,,,,,,,,,
COPIIMOM Index,,,,,,,,,,,,,,,,,,,
JSIABOND Index,,,,,,,,,,,,,,,,,,,
JSIHBOND Index,,,,,,,,,,,,,,,,,,,
JSIHSTCK Index,,,,,,,,,,,,,,,,,,,
TWWPIYOY Index,,,,,,,,,,,,,,,,,,,
TWCPIYOY Index,,,,,,,,,,,,,,,,,,,
AURSTSA  Index,,,,,,,,,,,,,,,,,,,
PHC2MOM  Index,,,,,,,,,,,,,,,,,,,
PHC2II   Index,,,,,,,,,,,,,,,,,,,
ISFCBAL  Index,,,,,,,,,,,,,,,,,,,
EGIRGOR  Index,,,,,,,,,,,,,,,,,,,
THCCECON Index,,,,,,,,,,,,,,,,,,,
MAETTRBL Index,,,,,,,,,,,,,,,,,,,
MAETEYOY Index,,,,,,,,,,,,,,,,,,,
GEIOYY   Index,,,,,,,,,,,,,,,,,,,
GRIORTMM Index,,,,,,,,,,,,,,,,,,,
TWIRFE   Index,,,,,,,,,,,,,,,,,,,
ICETBAL  Index,,,,,,,,,,,,,,,,,,,
SABCI    Index,,,,,,,,,,,,,,,,,,,
IEIPIMOM Index,,,,,,,,,,,,,,,,,,,
CLIMYOYN Index,,,,,,,,,,,,,,,,,,,
RUREFEG  Index,,,,,,,,,,,,,,,,,,,
CHALYOY% Index,,,,,,,,,,,,,,,,,,,
ICSHNATL Index,,,,,,,,,,,,,,,,,,,
BZVXEXTL Index,,,,,,,,,,,,,,,,,,,
BZVPTLVH Index,,,,,,,,,,,,,,,,,,,
BZVLTLVH Index,,,,,,,,,,,,,,,,,,,
INJCJC   Index,,,,,,,,,,,,,,,,,,,
INJCSP   Index,,,,,,,,,,,,,,,,,,,
USTBTOT  Index,,,,,,,,,,,,,,,,,,,
EDCPMOM  Index,,,,,,,,,,,,,,,,,,,
EDCPYOY  Index,,,,,,,,,,,,,,,,,,,
COMFCOMF Index,,,,,,,,,,,,,,,,,,,
AICIPCI  Index,,,,,,,,,,,,,,,,,,,
COCPIYOY Index,,,,,,,,,,,,,,,,,,,
COCPIMOM Index,,,,,,,,,,,,,,,,,,,
MAALGFE$ Index,,,,,,,,,,,,,,,,,,,
HKFRAUSD Index,,,,,,,,,,,,,,,,,,,
IDGFA    Index,,,,,,,,,,,,,,,,,,,
UACPTMOM Index,,,,,,,,,,,,,,,,,,,
UACPTYOY Index,,,,,,,,,,,,,,,,,,,
PHIRTTL  Index,,,,,,,,,,,,,,,,,,,
JNCICLEI Index,,,,,,,,,,,,,,,,,,,
AUFRA    Index,,,,,,,,,,,,,,,,,,,
SANOGR$  Index,,,,,,,,,,,,,,,,,,,
ESCPLMOM Index,,,,,,,,,,,,,,,,,,,
ESCPLYOY Index,,,,,,,,,,,,,,,,,,,
SANOFP$  Index,,,,,,,,,,,,,,,,,,,
THFRUS$  Index,,,,,,,,,,,,,,,,,,,
FRTEBAL  Index,,,,,,,,,,,,,,,,,,,
RMSNM1   Index,,,,,,,,,,,,,,,,,,,
SZRAFCRC Index,,,,,,,,,,,,,,,,,,,
ROWNLYOY Index,,,,,,,,,,,,,,,,,,,
HUIPIMOM Index,,,,,,,,,,,,,,,,,,,
HUIPIYOY Index,,,,,,,,,,,,,,,,,,,
ROISYOY  Index,,,,,,,,,,,,,,,,,,,
CZIPITYY Index,,,,,,,,,,,,,,,,,,,
NOIPIYOY Index,,,,,,,,,,,,,,,,,,,
NOIPOYOY Index,,,,,,,,,,,,,,,,,,,
NOIPISAM Index,,,,,,,,,,,,,,,,,,,
NOIPSAMM Index,,,,,,,,,,,,,,,,,,,
UKTBLGDT Index,,,,,,,,,,,,,,,,,,,
UKTBALEE Index,,,,,,,,,,,,,,,,,,,
UKTBTTBA Index,,,,,,,,,,,,,,,,,,,
IBREGPDM Index,,,,,,,,,,,,,,,,,,,
CNPINSYO Index,,,,,,,,,,,,,,,,,,,
CNPINSMO Index,,,,,,,,,,,,,,,,,,,
BZPIIPCY Index,,,,,,,,,,,,,,,,,,,
BZPIIPCM Index,,,,,,,,,,,,,,,,,,,
CNPISAMO Index,,,,,,,,,,,,,,,,,,,
NFP TCH  Index,,,,,,,,,,,,,,,,,,,
ECONGECC Index,,,,,,,,,,,,,,,,,,,
NFP PCH  Index,,,,,,,,,,,,,,,,,,,
USMMMNCH Index,,,,,,,,,,,,,,,,,,,
USURTOT  Index,,,,,,,,,,,,,,,,,,,
USEMNCHG Index,,,,,,,,,,,,,,,,,,,
USUDMAER Index,,,,,,,,,,,,,,,,,,,
PRUSTOT  Index,,,,,,,,,,,,,,,,,,,
CANLFLNC Index,,,,,,,,,,,,,,,,,,,
CANLNETJ Index,,,,,,,,,,,,,,,,,,,
CANLXEMR Index,,,,,,,,,,,,,,,,,,,
AHE MOM% Index,,,,,,,,,,,,,,,,,,,
AHE YOY% Index,,,,,,,,,,,,,,,,,,,
AWH TOTL Index,,,,,,,,,,,,,,,,,,,
MXCFCONF Index,,,,,,,,,,,,,,,,,,,
CICRTOT  Index,,,,,,,,,,,,,,,,,,,
CNFRIMPY Index,,,,,,,,,,,,,,,,,,,
CNFREXPY Index,,,,,,,,,,,,,,,,,,,
CNFRBAL$ Index,,,,,,,,,,,,,,,,,,,
JNBPTRD  Index,,,,,,,,,,,,,,,,,,,
JNBPAB   Index,,,,,,,,,,,,,,,,,,,
EDTBBAL  Index,,,,,,,,,,,,,,,,,,,
JMIRNIR  Index,,,,,,,,,,,,,,,,,,,
FITBAL   Index,,,,,,,,,,,,,,,,,,,
GRBTIMMM Index,,,,,,,,,,,,,,,,,,,
GRCAEU   Index,,,,,,,,,,,,,,,,,,,
GRTBALE  Index,,,,,,,,,,,,,,,,,,,
GRBTEXMM Index,,,,,,,,,,,,,,,,,,,
HUTRBAL  Index,,,,,,,,,,,,,,,,,,,
TWTRBAL  Index,,,,,,,,,,,,,,,,,,,
TWTRIMPY Index,,,,,,,,,,,,,,,,,,,
TWTREXPY Index,,,,,,,,,,,,,,,,,,,
DECA     Index,,,,,,,,,,,,,,,,,,,
CZCPMOM  Index,,,,,,,,,,,,,,,,,,,
CZCPYOY  Index,,,,,,,,,,,,,,,,,,,
ROTBBAL  Index,,,,,,,,,,,,,,,,,,,
SVTBBALE Index,,,,,,,,,,,,,,,,,,,
BZW IPCS Index,,,,,,,,,,,,,,,,,,,
CHTBIMPM Index,,,,,,,,,,,,,,,,,,,
CHTBEXPM Index,,,,,,,,,,,,,,,,,,,
CMINCOPR Index,,,,,,,,,,,,,,,,,,,
CHTBBALM Index,,,,,,,,,,,,,,,,,,,
CAHSTOTL Index,,,,,,,,,,,,,,,,,,,
MXBWCORE Index,,,,,,,,,,,,,,,,,,,
MXBWMOM  Index,,,,,,,,,,,,,,,,,,,
MXCCCHNG Index,,,,,,,,,,,,,,,,,,,
MXCPYOY  Index,,,,,,,,,,,,,,,,,,,
MXCPCHNG Index,,,,,,,,,,,,,,,,,,,
BZTWBALW Index,,,,,,,,,,,,,,,,,,,
PHEXYOY  Index,,,,,,,,,,,,,,,,,,,
CHEFTYOY Index,,,,,,,,,,,,,,,,,,,
CNCPIYOY Index,,,,,,,,,,,,,,,,,,,
EGCPYOY  Index,,,,,,,,,,,,,,,,,,,
EGCPMOM  Index,,,,,,,,,,,,,,,,,,,
MAIPINDY Index,,,,,,,,,,,,,,,,,,,
ESTBIYOY Index,,,,,,,,,,,,,,,,,,,
ESTBEYOY Index,,,,,,,,,,,,,,,,,,,
ESTBAL   Index,,,,,,,,,,,,,,,,,,,
SZUEUEA  Index,,,,,,,,,,,,,,,,,,,
SZUE     Index,,,,,,,,,,,,,,,,,,,
BZW CPI  Index,,,,,,,,,,,,,,,,,,,
FRMPMOM  Index,,,,,,,,,,,,,,,,,,,
FRMPYOY  Index,,,,,,,,,,,,,,,,,,,
DNCPEECM Index,,,,,,,,,,,,,,,,,,,
DNCPEECY Index,,,,,,,,,,,,,,,,,,,
SLPRYOYA Index,,,,,,,,,,,,,,,,,,,
DNCPIMOM Index,,,,,,,,,,,,,,,,,,,
SAUERATQ Index,,,,,,,,,,,,,,,,,,,
SVIPTMOM Index,,,,,,,,,,,,,,,,,,,
SVIPTYOY Index,,,,,,,,,,,,,,,,,,,
SFPMMOM  Index,,,,,,,,,,,,,,,,,,,
SFPMNSAY Index,,,,,,,,,,,,,,,,,,,
SBOITOTL Index,,,,,,,,,,,,,,,,,,,
MWINCHNG Index,,,,,,,,,,,,,,,,,,,
MWSLCHNG Index,,,,,,,,,,,,,,,,,,,
ECONUSIB Index,,,,,,,,,,,,,,,,,,,
JOLTTOTL Index,,,,,,,,,,,,,,,,,,,
KOEXPTIY Index,,,,,,,,,,,,,,,,,,,
KOEAUERS Index,,,,,,,,,,,,,,,,,,,
EGPIPIM  Index,,,,,,,,,,,,,,,,,,,
RUTBAL   Index,,,,,,,,,,,,,,,,,,,
IMAEY    Index,,,,,,,,,,,,,,,,,,,
HUCPIMM  Index,,,,,,,,,,,,,,,,,,,
HUCPIYY  Index,,,,,,,,,,,,,,,,,,,
TUCALNEW Index,,,,,,,,,,,,,,,,,,,
ISTBTSE  Index,,,,,,,,,,,,,,,,,,,
BZRTRETM Index,,,,,,,,,,,,,,,,,,,
BZRTRYOY Index,,,,,,,,,,,,,,,,,,,
MXIPTYOY Index,,,,,,,,,,,,,,,,,,,
URMIIYOY Index,,,,,,,,,,,,,,,,,,,
FDDSSD   Index,,,,,,,,,,,,,,,,,,,
PNCPCHNG Index,,,,,,,,,,,,,,,,,,,
GRCP2HMM Index,,,,,,,,,,,,,,,,,,,
GRCP2HYY Index,,,,,,,,,,,,,,,,,,,
GRCP20YY Index,,,,,,,,,,,,,,,,,,,
GRCP20MM Index,,,,,,,,,,,,,,,,,,,
SLWIIYOY Index,,,,,,,,,,,,,,,,,,,
ROIOUYOY Index,,,,,,,,,,,,,,,,,,,
EUIPEMUY Index,,,,,,,,,,,,,,,,,,,
EUITEMUM Index,,,,,,,,,,,,,,,,,,,
INPIINDY Index,,,,,,,,,,,,,,,,,,,
RSTAMOM  Index,,,,,,,,,,,,,,,,,,,
RSTAXMOM Index,,,,,,,,,,,,,,,,,,,
RSTAXAG% Index,,,,,,,,,,,,,,,,,,,
RSTAXAGM Index,,,,,,,,,,,,,,,,,,,
MTIBCHNG Index,,,,,,,,,,,,,,,,,,,
PRRRONUS Index,,,,,,,,,,,,,,,,,,,
SPIPCYOY Index,,,,,,,,,,,,,,,,,,,
SPCPEUYY Index,,,,,,,,,,,,,,,,,,,
ROGDPQOQ Index,,,,,,,,,,,,,,,,,,,
SLCPLMOM Index,,,,,,,,,,,,,,,,,,,
SLCPLYOY Index,,,,,,,,,,,,,,,,,,,
ROCOPMOM Index,,,,,,,,,,,,,,,,,,,
ROCOPYOY Index,,,,,,,,,,,,,,,,,,,
BUCPIMOM Index,,,,,,,,,,,,,,,,,,,
BUCPIYOY Index,,,,,,,,,,,,,,,,,,,
IBREGP1M Index,,,,,,,,,,,,,,,,,,,
XTTBEZ   Index,,,,,,,,,,,,,,,,,,,
EUGNEMUY Index,,,,,,,,,,,,,,,,,,,
EUGNEMUQ Index,,,,,,,,,,,,,,,,,,,
IMP1CHNG Index,,,,,,,,,,,,,,,,,,,
IMP1YOY% Index,,,,,,,,,,,,,,,,,,,
CONSSENT Index,,,,,,,,,,,,,,,,,,,
URURURT  Index,,,,,,,,,,,,,,,,,,,
ARCPIMOM Index,,,,,,,,,,,,,,,,,,,
ISCPIMMN Index,,,,,,,,,,,,,,,,,,,
ISCPIYYN Index,,,,,,,,,,,,,,,,,,,
RUIPRNYY Index,,,,,,,,,,,,,,,,,,,
UATRBAL  Index,,,,,,,,,,,,,,,,,,,
KOBLHHD  Index,,,,,,,,,,,,,,,,,,,
IDEXPY   Index,,,,,,,,,,,,,,,,,,,
IDBALTOL Index,,,,,,,,,,,,,,,,,,,
INFINFY  Index,,,,,,,,,,,,,,,,,,,
ISGSANYY Index,,,,,,,,,,,,,,,,,,,
IDBIRATE Index,,,,,,,,,,,,,,,,,,,
KORP7DR  Index,,,,,,,,,,,,,,,,,,,
GRZEEUEX Index,,,,,,,,,,,,,,,,,,,
EMPRGBCI Index,,,,,,,,,,,,,,,,,,,
USHBMIDX Index,,,,,,,,,,,,,,,,,,,
FRNTTOTL Index,,,,,,,,,,,,,,,,,,,
FRNTTNET Index,,,,,,,,,,,,,,,,,,,
RUPPNEWM Index,,,,,,,,,,,,,,,,,,,
RUPPNEWY Index,,,,,,,,,,,,,,,,,,,
BSRFTOFD Index,,,,,,,,,,,,,,,,,,,
ISIFAR   Index,,,,,,,,,,,,,,,,,,,
EGTDTB   Index,,,,,,,,,,,,,,,,,,,
SACPIMOM Index,,,,,,,,,,,,,,,,,,,
SACPIYOY Index,,,,,,,,,,,,,,,,,,,
SARSTCSM Index,,,,,,,,,,,,,,,,,,,
SARSCONY Index,,,,,,,,,,,,,,,,,,,
IP  CHNG Index,,,,,,,,,,,,,,,,,,,
CPTICHNG Index,,,,,,,,,,,,,,,,,,,
IPMGCHNG Index,,,,,,,,,,,,,,,,,,,
COTREXPM Index,,,,,,,,,,,,,,,,,,,
BJMSM2Y  Index,,,,,,,,,,,,,,,,,,,
BJMSM1Y  Index,,,,,,,,,,,,,,,,,,,
BJMSM3Y  Index,,,,,,,,,,,,,,,,,,,
COMFBTWR Index,,,,,,,,,,,,,,,,,,,
LEI CHNG Index,,,,,,,,,,,,,,,,,,,
EUCCEMU  Index,,,,,,,,,,,,,,,,,,,
OUTFGAF  Index,,,,,,,,,,,,,,,,,,,
PMITMFR  Index,,,,,,,,,,,,,,,,,,,
PMITMGE  Index,,,,,,,,,,,,,,,,,,,
PMITMEZ  Index,,,,,,,,,,,,,,,,,,,
IGAEYOY  Index,,,,,,,,,,,,,,,,,,,
ECONMUS  Index,,,,,,,,,,,,,,,,,,,
UEMSM2M  Index,,,,,,,,,,,,,,,,,,,
UEMSM3M  Index,,,,,,,,,,,,,,,,,,,
SAFASASR Index,,,,,,,,,,,,,,,,,,,
SRMSM3Y  Index,,,,,,,,,,,,,,,,,,,
SRMSM1Y  Index,,,,,,,,,,,,,,,,,,,
SRMSM2Y  Index,,,,,,,,,,,,,,,,,,,
ISBRANN  Index,,,,,,,,,,,,,,,,,,,
ETSLTOTL Index,,,,,,,,,,,,,,,,,,,
ETSLMOM  Index,,,,,,,,,,,,,,,,,,,
DFEDGBA  Index,,,,,,,,,,,,,,,,,,,
SAGDPYOY Index,,,,,,,,,,,,,,,,,,,
SAGDPANN Index,,,,,,,,,,,,,,,,,,,
CPEXEMUY Index,,,,,,,,,,,,,,,,,,,
ECCPEMUY Index,,,,,,,,,,,,,,,,,,,
ECCPEMUM Index,,,,,,,,,,,,,,,,,,,
BZPIIPMO Index,,,,,,,,,,,,,,,,,,,
BZFDTMON Index,,,,,,,,,,,,,,,,,,,
BZCACURR Index,,,,,,,,,,,,,,,,,,,
SPCS20SM Index,,,,,,,,,,,,,,,,,,,
SPCS20Y% Index,,,,,,,,,,,,,,,,,,,
SPCS20   Index,,,,,,,,,,,,,,,,,,,
RCHSINDX Index,,,,,,,,,,,,,,,,,,,
CONCCONF Index,,,,,,,,,,,,,,,,,,,
NOLBRATE Index,,,,,,,,,,,,,,,,,,,
NZMTIMP  Index,,,,,,,,,,,,,,,,,,,
NZMTEXP  Index,,,,,,,,,,,,,,,,,,,
NZMTBAL  Index,,,,,,,,,,,,,,,,,,,
IERSVYOY Index,,,,,,,,,,,,,,,,,,,
IERSVMOM Index,,,,,,,,,,,,,,,,,,,
QAMSM2YY Index,,,,,,,,,,,,,,,,,,,
QAMSM1YY Index,,,,,,,,,,,,,,,,,,,
EGBRLRAD Index,,,,,,,,,,,,,,,,,,,
EGBRDRAR Index,,,,,,,,,,,,,,,,,,,
SWLEMFIY Index,,,,,,,,,,,,,,,,,,,
GRUEPR   Index,,,,,,,,,,,,,,,,,,,
GRUECHNG Index,,,,,,,,,,,,,,,,,,,
ECMAM3YY Index,,,,,,,,,,,,,,,,,,,
PTCCI    Index,,,,,,,,,,,,,,,,,,,
EUICEMU  Index,,,,,,,,,,,,,,,,,,,
EUBCI    Index,,,,,,,,,,,,,,,,,,,
EUESEMU  Index,,,,,,,,,,,,,,,,,,,
DGNOCHNG Index,,,,,,,,,,,,,,,,,,,
DGNOXTCH Index,,,,,,,,,,,,,,,,,,,
CGNOXAI% Index,,,,,,,,,,,,,,,,,,,
CGSHXAI% Index,,,,,,,,,,,,,,,,,,,
CPI CHNG Index,,,,,,,,,,,,,,,,,,,
CPUPXCHG Index,,,,,,,,,,,,,,,,,,,
CPI YOY Index,,,,,,,,,,,,,,,,,,,
CPI XYOY Index,,,,,,,,,,,,,,,,,,,
CPUPAXFE Index,,,,,,,,,,,,,,,,,,,
CPURNSA  Index,,,,,,,,,,,,,,,,,,,
MXTBBAL  Index,,,,,,,,,,,,,,,,,,,
HPIMMOM% Index,,,,,,,,,,,,,,,,,,,
KCLSSACI Index,,,,,,,,,,,,,,,,,,,
NZBAUNIM Index,,,,,,,,,,,,,,,,,,,
GRFRINYY Index,,,,,,,,,,,,,,,,,,,
GRFRIAMM Index,,,,,,,,,,,,,,,,,,,
SACEIYY  Index,,,,,,,,,,,,,,,,,,,
SAMYM3Y  Index,,,,,,,,,,,,,,,,,,,
HUEMUNR  Index,,,,,,,,,,,,,,,,,,,
GRCP2SAY Index,,,,,,,,,,,,,,,,,,,
GRCP2SAM Index,,,,,,,,,,,,,,,,,,,
HUPPIYY  Index,,,,,,,,,,,,,,,,,,,
GRCP2BVM Index,,,,,,,,,,,,,,,,,,,
GRCP2BRM Index,,,,,,,,,,,,,,,,,,,
SABBBAL  Index,,,,,,,,,,,,,,,,,,,
SATBAL   Index,,,,,,,,,,,,,,,,,,,
GDP CQOQ Index,,,,,,,,,,,,,,,,,,,
GDPCTOT% Index,,,,,,,,,,,,,,,,,,,
GDP PIQQ Index,,,,,,,,,,,,,,,,,,,
GDPCPCEC Index,,,,,,,,,,,,,,,,,,,
MAPMINDX Index,,,,,,,,,,,,,,,,,,,
CHPMINDX Index,,,,,,,,,,,,,,,,,,,
USPHTMOM Index,,,,,,,,,,,,,,,,,,,
USPHTYOY Index,,,,,,,,,,,,,,,,,,,
UKNBANYY Index,,,,,,,,,,,,,,,,,,,
UKNBAAMM Index,,,,,,,,,,,,,,,,,,,
CPMINDX  Index,,,,,,,,,,,,,,,,,,,
CPMINMAN Index,,,,,,,,,,,,,,,,,,,
PRCPYOY  Index,,,,,,,,,,,,,,,,,,,
PRCPMOM  Index,,,,,,,,,,,,,,,,,,,
PRWPMOM  Index,,,,,,,,,,,,,,,,,,,
AIGPMI   Index,,,,,,,,,,,,,,,,,,,
THCPIMOM Index,,,,,,,,,,,,,,,,,,,
THCOPIY  Index,,,,,,,,,,,,,,,,,,,
THCPIYOY Index,,,,,,,,,,,,,,,,,,,
PACPGENY Index,,,,,,,,,,,,,,,,,,,
SLSBTBAL Index,,,,,,,,,,,,,,,,,,,
RURFUSD  Index,,,,,,,,,,,,,,,,,,,
RUWFUSD  Index,,,,,,,,,,,,,,,,,,,
ARTXTOTL Index,,,,,,,,,,,,,,,,,,,
IDIFCRIY Index,,,,,,,,,,,,,,,,,,,
IDCPIM   Index,,,,,,,,,,,,,,,,,,,
IDCPIY   Index,,,,,,,,,,,,,,,,,,,
JNVHSYOY Index,,,,,,,,,,,,,,,,,,,
PMISSURV Index,,,,,,,,,,,,,,,,,,,
DEUE     Index,,,,,,,,,,,,,,,,,,,
NOPMISA  Index,,,,,,,,,,,,,,,,,,,
HUPMISA  Index,,,,,,,,,,,,,,,,,,,
SZPUI    Index,,,,,,,,,,,,,,,,,,,
PMITMIT  Index,,,,,,,,,,,,,,,,,,,
NOCR12MT Index,,,,,,,,,,,,,,,,,,,
SAPMI    Index,,,,,,,,,,,,,,,,,,,
UKMSVTVJ Index,,,,,,,,,,,,,,,,,,,
UKMSM41Y Index,,,,,,,,,,,,,,,,,,,
UKMSM41M Index,,,,,,,,,,,,,,,,,,,
UKMSVTVX Index,,,,,,,,,,,,,,,,,,,
PMITMUK  Index,,,,,,,,,,,,,,,,,,,
ECCPEST  Index,,,,,,,,,,,,,,,,,,,
UMRTEMU  Index,,,,,,,,,,,,,,,,,,,
BEUER    Index,,,,,,,,,,,,,,,,,,,
DEPMPMI  Index,,,,,,,,,,,,,,,,,,,
PTRTIMOM Index,,,,,,,,,,,,,,,,,,,
PTRTIYOY Index,,,,,,,,,,,,,,,,,,,
PTIPTOTY Index,,,,,,,,,,,,,,,,,,,
PTIPTOTM Index,,,,,,,,,,,,,,,,,,,
BZPMTOTA Index,,,,,,,,,,,,,,,,,,,
CZSBLEVL Index,,,,,,,,,,,,,,,,,,,
NAPMPMI  Index,,,,,,,,,,,,,,,,,,,
NAPMPRIC Index,,,,,,,,,,,,,,,,,,,
CNSTTMOM Index,,,,,,,,,,,,,,,,,,,
ITBDNETE Index,,,,,,,,,,,,,,,,,,,
ITVHYOY  Index,,,,,,,,,,,,,,,,,,,
BZTBIMPM Index,,,,,,,,,,,,,,,,,,,
BZTBEXPM Index,,,,,,,,,,,,,,,,,,,
BZTBBALM Index,,,,,,,,,,,,,,,,,,,
QVNZTOTY Index,,,,,,,,,,,,,,,,,,,
JNMBYOY  Index,,,,,,,,,,,,,,,,,,,
ANZCWMOM Index,,,,,,,,,,,,,,,,,,,
AUBAY    Index,,,,,,,,,,,,,,,,,,,
AUBAC    Index,,,,,,,,,,,,,,,,,,,
HKRSVONY Index,,,,,,,,,,,,,,,,,,,
BURETA   Index,,,,,,,,,,,,,,,,,,,
ESRSREYY Index,,,,,,,,,,,,,,,,,,,
HKRSVANY Index,,,,,,,,,,,,,,,,,,,
BZSTSETA Index,,,,,,,,,,,,,,,,,,,
AUITGSB  Index,,,,,,,,,,,,,,,,,,,
ESISTWAY Index,,,,,,,,,,,,,,,,,,,
EURR002W Index,,,,,,,,,,,,,,,,,,,
EUHNEMUQ Index,,,,,,,,,,,,,,,,,,,
CNFAYOY  Index,,,,,,,,,,,,,,,,,,,
CNRSACMY Index,,,,,,,,,,,,,,,,,,,
CHVAICY  Index,,,,,,,,,,,,,,,,,,,
BTRR1DAY Index,,,,,,,,,,,,,,,,,,,
FDTR     Index,,,,,,,,,,,,,,,,,,,
SARPRT   Index,,,,,,,,,,,,,,,,,,,
CNCILI   Index,,,,,,,,,,,,,,,,,,,
EDGCYGDP Index,,,,,,,,,,,,,,,,,,,
CNGDPYOY Index,,,,,,,,,,,,,,,,,,,
CNGDPC$Y Index,,,,,,,,,,,,,,,,,,,
CNGDPQOQ Index,,,,,,,,,,,,,,,,,,,
CNRSCYOY Index,,,,,,,,,,,,,,,,,,,
CHVAIOY  Index,,,,,,,,,,,,,,,,,,,
PNCPYOY  Index,,,,,,,,,,,,,,,,,,,
Date,Date,Date,,,,,,,,,,,,,,,,,
CNFVBYTD Index,CNFVEYTD Index,CNNMFYTD Index,,,,,,,,,,,,,,,,,
CNFVBYTD Index,CNFVEYTD Index,CNNMFYTD Index,,,,,,,,,,,,,,,,,
,,,,,,,,,,,,,,,,,,,
CNFVBQTD Index,CNFVEQTD Index,CNNMFQTD Index,,,,,,,,,,,,,,,,,
CNFVBMTD Index,CNFVEMTD Index,CNNMHTMM Index,,,,,,,,,,,,,,,,,
,,,,,,,,,,,,,,,,,,,
,,,,,,,,,,,,,,,,,,,
,,,,,,,,,,,,,,,,,,,
Date,Date,Date,,,,,,,,,,,,,,,,,
FIINDNT$ Index,FIINYTDN Index,FIINDTOT Index,,,,,,,,,,,,,,,,,
FIINDNT$ Index,FIINYTDN Index,FIINDTOT Index,,,,,,,,,,,,,,,,,
,,,,,,,,,,,,,,,,,,,
FIINDNT$ Index,FIINNET$ Index,FIINDTOT Index,,,,,,,,,,,,,,,,,
FIINDMTD Index,FIINMTDN Index,FIINDTOT Index,,,,,,,,,,,,,,,,,
FIINDNT$ Index,FIINWTDN Index,FIINDTOT Index,,,,,,,,,,,,,,,,,
FIINDNT$ Index,FIINNET$ Index,FIINDTOT Index,,,,,,,,,,,,,,,,,
,,,,,,,,,,,,,,,,,,,
Date,Date,Date,,,,,,,,,,,,,,,,,
IDGSFRGN Index,JASXYTDN Index,PKIIYTDN Index,,,,,,,,,,,,,,,,,
IDGSFRGN Index,JASXYTDN Index,PKIIYTDN Index,,,,,,,,,,,,,,,,,
,,,,,,,,,,,,,,,,,,,
IDGSFRGN Index,JASXNET$ Index,PKIIFNVC Index,,,,,,,,,,,,,,,,,
IDGSFRGN Index,JASXMTDN Index,PKIIMTDN Index,,,,,,,,,,,,,,,,,
IDGBFWTD Index,JASXWTDN Index,PKIIWTDN Index,,,,,,,,,,,,,,,,,
IDGBFNBN Index,JASXNET$ Index,PKIIFNVC Index,,,,,,,,,,,,,,,,,
,,,,,,,,,,,,,,,,,,,
Date,Date,Date,,,,,,,,,,,,,,,,,
JSIHBOND Index,JSIHYTDN Index,VNDXYTDN Index,,,,,,,,,,,,,,,,,
JSIHBOND Index,JSIHYTDN Index,VNDXYTDN Index,,,,,,,,,,,,,,,,,
,,,,,,,,,,,,,,,,,,,
JSIHBOND Index,JSIHNET$ Index,VNDXNET$ Index,,,,,,,,,,,,,,,,,
JSIHBOND Index,JSIHMTDN Index,VNDXMTDN Index,,,,,,,,,,,,,,,,,
JSIHBOND Index,JSIHNET$ Index,VNDXWTDN Index,,,,,,,,,,,,,,,,,
,,VNDXNET$ Index,,,,,,,,,,,,,,,,,
,,,,,,,,,,,,,,,,,,,
Date,Date,Date,,,,,,,,,,,,,,,,,
MAFDMGSS Index,VUPHYTDN Index,ADXFYTD Index,,,,,,,,,,,,,,,,,
MAFDMGSS Index,VUPHYTDN Index,ADXFYTD Index,,,,,,,,,,,,,,,,,
,,,,,,,,,,,,,,,,,,,
MAFDMGSS Index,VUPHBNET Index,ADXFFN$ Index,,,,,,,,,,,,,,,,,
MAFDMGSS Index,VUPHMTDN Index,ADXFMTD Index,,,,,,,,,,,,,,,,,
,VUPHWTDN Index,ADXFWTDP Index,,,,,,,,,,,,,,,,,
,VUPHBNET Index,ADXFFN$ Index,,,,,,,,,,,,,,,,,
,,,,,,,,,,,,,,,,,,,
Date,Date,Date,,,,,,,,,,,,,,,,,
PHDBTAFB Index,KSFIYTDN Index,BUCEPILI Index,,,,,,,,,,,,,,,,,
PHDBTAFB Index,KSFIYTDN Index,BUCEPIAS Index,,,,,,,,,,,,,,,,,
,,,,,,,,,,,,,,,,,,,
PHDBTAFB Index,KSFINET Index,BUCEPILI Index,,,,,,,,,,,,,,,,,
PHDBTAFB Index,KSFIMTDN Index,BUCEPIAS Index,,,,,,,,,,,,,,,,,
,KSFIWTDN Index,,,,,,,,,,,,,,,,,,
,KSFINET Index,,,,,,,,,,,,,,,,,,
,,BUCEPILI Index,,,,,,,,,,,,,,,,,
Date,Date,BUCEPIAS Index,,,,,,,,,,,,,,,,,
KOSB Index,SLFIYTDN Index,,,,,,,,,,,,,,,,,,
KOSB Index,SLFIYTDN Index,BUCEPILI Index,,,,,,,,,,,,,,,,,
,,BUCEPIAS Index,,,,,,,,,,,,,,,,,
KOSB Index,SLFINET$ Index,,,,,,,,,,,,,,,,,,
KOSB Index,SLFIMTDN Index,,,,,,,,,,,,,,,,,,
KOSB Index,SLFIWTDN Index,,,,,,,,,,,,,,,,,,
KOSB Index,SLFINET$ Index,,,,,,,,,,,,,,,,,,
,,Date,,,,,,,,,,,,,,,,,
Date,Date,CZCMPORT Index,,,,,,,,,,,,,,,,,
TBTVFCNV Index,TINFYTDN Index,CZCMPORT Index,,,,,,,,,,,,,,,,,
TBTVFCNV Index,TINFYTDN Index,,,,,,,,,,,,,,,,,,
,,CZCMPORT Index,,,,,,,,,,,,,,,,,
TBTVFCNV Index,TINFNET$ Index,CZCMPORT Index,,,,,,,,,,,,,,,,,
TBTVFCNV Index,TINFMTDN Index,,,,,,,,,,,,,,,,,,
TBTVFCNV Index,TINFWTDN Index,,,,,,,,,,,,,,,,,,
TBTVFCNV Index,TINFNET$ Index,,,,,,,,,,,,,,,,,,
,,Date,,,,,,,,,,,,,,,,,
Date,Date,EGBPPIE Index ,,,,,,,,,,,,,,,,,
BUCEDBLI Index,THIVYTDN Index,EGBPPIE Index ,,,,,,,,,,,,,,,,,
BUCEDBAS Index,THIVYTDN Index,,,,,,,,,,,,,,,,,,
,,EGBPPIE Index ,,,,,,,,,,,,,,,,,
BUCEDBLI Index,THIVNET$ Index,,,,,,,,,,,,,,,,,,
BUCEDBAS Index,THIVMTDN Index,,,,,,,,,,,,,,,,,,
,THIVWTDN Index,,,,,,,,,,,,,,,,,,
,THIVNET$ Index,,,,,,,,,,,,,,,,,,
BUCEDBLI Index,,Date,,,,,,,,,,,,,,,,,
BUCEDBAS Index,Date,ISCANPOR Index ,,,,,,,,,,,,,,,,,
,BUCEEQLI Index,ISCANPOR Index ,,,,,,,,,,,,,,,,,
BUCEDBLI Index,BUCEEQAS Index,,,,,,,,,,,,,,,,,,
BUCEDBAS Index,,ISCANPOR Index ,,,,,,,,,,,,,,,,,
,BUCEEQLI Index,,,,,,,,,,,,,,,,,,
,BUCEEQAS Index,,,,,,,,,,,,,,,,,,
,,,,,,,,,,,,,,,,,,,
,,,,,,,,,,,,,,,,,,,
Date,BUCEEQLI Index,Date,,,,,,,,,,,,,,,,,
CZCMPDB Index,BUCEEQAS Index,JOBPPI Index,,,,,,,,,,,,,,,,,
CZCMPDB Index,,JOBPPI Index,,,,,,,,,,,,,,,,,
,BUCEEQLI Index,,,,,,,,,,,,,,,,,,
CZCMPDB Index,BUCEEQAS Index,JOBPPI Index,,,,,,,,,,,,,,,,,
CZCMPDB Index,,,,,,,,,,,,,,,,,,,
,,,,,,,,,,,,,,,,,,,
,,,,,,,,,,,,,,,,,,,
,,,,,,,,,,,,,,,,,,,
Date,Date,Date,,,,,,,,,,,,,,,,,
EGBPPIB Index,CZCMPEB Index,POMEFPL Index,,,,,,,,,,,,,,,,,
EGBPPIB Index,CZCMPEB Index,POMEFPA Index,,,,,,,,,,,,,,,,,
,,,,,,,,,,,,,,,,,,,
EGBPPIB Index,CZCMPEB Index,POMEFPL Index,,,,,,,,,,,,,,,,,
,CZCMPEB Index,POMEFPA Index,,,,,,,,,,,,,,,,,
,,,,,,,,,,,,,,,,,,,
,,,,,,,,,,,,,,,,,,,
,,POMEFPL Index,,,,,,,,,,,,,,,,,
Date,Date,POMEFPA Index,,,,,,,,,,,,,,,,,
ILCONGTB Index,DUFIFNYD Index,,,,,,,,,,,,,,,,,,
ILCONGTB Index,DUFIFNYD Index,POMEFPL Index,,,,,,,,,,,,,,,,,
,,POMEFPA Index,,,,,,,,,,,,,,,,,
ILCONGTB Index,DUFITFND Index,,,,,,,,,,,,,,,,,,
ILCONGTB Index,DUFIFNMD Index,,,,,,,,,,,,,,,,,,
,DUFIFNWD Index,,,,,,,,,,,,,,,,,,
,DUFITFND Index,,,,,,,,,,,,,,,,,,
,,Date,,,,,,,,,,,,,,,,,
Date,Date,ROCAFAPI Index,,,,,,,,,,,,,,,,,
ITGGSHTE Index,HUCQPORT Index,ROCAFAPI Index,,,,,,,,,,,,,,,,,
ITGGSHTE Index,HUCQPORT Index,,,,,,,,,,,,,,,,,,
,,ROCAFAPI Index,,,,,,,,,,,,,,,,,
ITGGSHTE Index,HUCQPORT Index,ROCAFAPI Index,,,,,,,,,,,,,,,,,
ITGGSHTE Index,,,,,,,,,,,,,,,,,,,
,,,,,,,,,,,,,,,,,,,
,,,,,,,,,,,,,,,,,,,
,,Date,,,,,,,,,,,,,,,,,
Date,Date,RUCAGOPO Index,,,,,,,,,,,,,,,,,
POMEFPLD Index,POMEFPLE Index,RUCAGOPO Index,,,,,,,,,,,,,,,,,
POMEFPAD Index,POMEFPAE Index,,,,,,,,,,,,,,,,,,
,,RUCAGOPO Index,,,,,,,,,,,,,,,,,
POMEFPLD Index,POMEFPLE Index,,,,,,,,,,,,,,,,,,
POMEFPAD Index,POMEFPAE Index,,,,,,,,,,,,,,,,,,
,,,,,,,,,,,,,,,,,,,
,,,,,,,,,,,,,,,,,,,
POMEFPLD Index,POMEFPLE Index,Date,,,,,,,,,,,,,,,,,
POMEFPAD Index,POMEFPAE Index,SLCCPORT Index,,,,,,,,,,,,,,,,,
,,SLCCPORT Index,,,,,,,,,,,,,,,,,
POMEFPLD Index,POMEFPLE Index,,,,,,,,,,,,,,,,,,
POMEFPAD Index,POMEFPAE Index,SLCCPORT Index,,,,,,,,,,,,,,,,,
,,SLCCPORT Index,,,,,,,,,,,,,,,,,
,,,,,,,,,,,,,,,,,,,
,,,,,,,,,,,,,,,,,,,
,,,,,,,,,,,,,,,,,,,
Date,Date,Date,,,,,,,,,,,,,,,,,
QABLFLDS Index,QAXFYTDN Index,SABPFAPT Index,,,,,,,,,,,,,,,,,
QABLFLDS Index,QAXFYTDN Index,SABPFAPT Index,,,,,,,,,,,,,,,,,
,,,,,,,,,,,,,,,,,,,
QABLFLDS Index,QAXFFIND Index,SABPFAPT Index,,,,,,,,,,,,,,,,,
QABLFLDS Index,QAXFMTDN Index,,,,,,,,,,,,,,,,,,
,QAXFWTDN Index,,,,,,,,,,,,,,,,,,
,QAXFFIND Index,,,,,,,,,,,,,,,,,,
,,,,,,,,,,,,,,,,,,,
Date,Date,Date,,,,,,,,,,,,,,,,,
SABO Index,SAEQ Index,TUCAPIL Index,,,,,,,,,,,,,,,,,
SABO Index,SAEQ Index,TUCAPIA Index,,,,,,,,,,,,,,,,,
,,,,,,,,,,,,,,,,,,,
SABO Index,SAEQ Index,TUCAPIL Index,,,,,,,,,,,,,,,,,
SABO Index,SAEQ Index,TUCAPIA Index,,,,,,,,,,,,,,,,,
SABO Index,SAEQ Index,,,,,,,,,,,,,,,,,,
SABO Index,SAEQ Index,,,,,,,,,,,,,,,,,,
,,TUCAPIL Index,,,,,,,,,,,,,,,,,
Date,Date,TUCAPIA Index,,,,,,,,,,,,,,,,,
SZFAPADB Index,TUCAES Index,,,,,,,,,,,,,,,,,,
SZFAPADB Index,TUCAES Index,TUCAPIL Index,,,,,,,,,,,,,,,,,
,,TUCAPIA Index,,,,,,,,,,,,,,,,,
SZFAPADB Index,TUCAES Index,,,,,,,,,,,,,,,,,,
SZFAPADB Index,TUCAES Index,,,,,,,,,,,,,,,,,,
,,,,,,,,,,,,,,,,,,,
,,,,,,,,,,,,,,,,,,,
,,,,,,,,,,,,,,,,,,,
Date,Date,,,,,,,,,,,,,,,,,,
TUCADS Index,BZSIFODN Index,,,,,,,,,,,,,,,,,,
TUCADS Index,BZSIFODN Index,,,,,,,,,,,,,,,,,,
,,,,,,,,,,,,,,,,,,,
TUCADS Index,BZSIFODN Index,,,,,,,,,,,,,,,,,,
TUCADS Index,BZSIFODN Index,,,,,,,,,,,,,,,,,,
,BZSIFODN Index,,,,,,,,,,,,,,,,,,
,BZSIFODN Index,,,,,,,,,,,,,,,,,,
,,,,,,,,,,,,,,,,,,,
Date,,,,,,,,,,,,,,,,,,,
BZBPPILD Index,,,,,,,,,,,,,,,,,,,
BZBPPILD Index,,,,,,,,,,,,,,,,,,,
,,,,,,,,,,,,,,,,,,,
BZBPPILD Index,,,,,,,,,,,,,,,,,,,
BZBPPILD Index,,,,,,,,,,,,,,,,,,,
